id,label
1,0.9937628
2,0.99985385
3,0.00130093
4,2.680695e-08
5,0.00206708
6,6.2377156e-05
7,0.00015916
8,0.19213347
9,2.5914132e-12
10,0.9999999
11,0.01408762
12,9.5414456e-05
13,2.1121957e-06
14,9.522524e-06
15,0.9999994
16,0.992475
17,5.290584e-05
18,0.00040782
19,0.00417867
20,7.954468e-06
21,0.9987816
22,2.1980322e-09
23,0.00038598
24,0.99992466
25,1.0400045e-05
26,0.00057776
27,0.00782731
28,0.00106691
29,0.00376052
30,0.9428251
31,0.46612865
32,0.6651507
33,0.01604343
34,0.6907661
35,5.3245312e-05
36,0.00087493
37,0.99997354
38,0.1617407
39,0.9998591
40,0.9996171
41,0.9999914
42,7.4401467e-09
43,0.00067992
44,0.00674932
45,0.99556136
46,0.87370473
47,0.01773675
48,0.9999031
49,0.991808
50,0.01619501
51,0.99999285
52,6.8126546e-06
53,5.6488294e-05
54,2.0170739e-05
55,0.99669266
56,2.4538858e-06
57,1.4867227e-07
58,0.51128966
59,0.9747208
60,0.99920434
61,0.9999218
62,0.06359925
63,1.0
64,8.929678e-05
65,0.99999654
66,0.01508592
67,1.6628571e-06
68,0.8010158
69,0.19467469
70,0.00034634
71,0.77368194
72,0.93368864
73,0.99999905
74,0.07849763
75,1.4686607e-09
76,0.9865818
77,0.01715891
78,0.99981767
79,2.1398098e-06
80,0.99816304
81,0.00742175
82,0.5539445
83,0.99989676
84,0.865567
85,0.9841926
86,0.9999163
87,0.97356963
88,0.26218584
89,0.32577094
90,0.9999995
91,0.39808288
92,0.12644868
93,0.01233213
94,0.00526537
95,0.00041685
96,0.38289896
97,0.03221223
98,0.7579955
99,1.0312591e-06
100,1.0
101,6.1198825e-06
102,0.14319141
103,0.08778352
104,0.03075658
105,0.0512417
106,0.9970271
107,0.5695203
108,0.00891736
109,0.9995758
110,0.00150813
111,0.00875486
112,4.67577e-09
113,0.05163324
114,6.6964117e-07
115,0.9993718
116,0.9896265
117,0.99066705
118,0.00431796
119,0.2712326
120,0.06595758
121,0.0085978
122,3.7585615e-10
123,0.8912999
124,4.448516e-05
125,0.03737858
126,2.1884652e-09
127,0.9999995
128,9.7495105e-09
129,0.9997305
130,0.09753762
131,0.9991534
132,0.07348935
133,0.98491156
134,0.00062104
135,1.0
136,2.6170437e-12
137,0.99988794
138,0.01541353
139,1.0
140,2.6279395e-11
141,0.9998153
142,0.9393625
143,0.9918988
144,4.8049005e-05
145,1.0
146,5.0354157e-17
147,0.9899046
148,0.98662853
149,0.9997224
150,0.99985385
151,0.04851624
152,0.99968946
153,0.99970907
154,0.25268176
155,0.01277708
156,0.01512685
157,4.8111728e-05
158,2.211702e-11
159,0.27572295
160,0.99956745
161,0.9990533
162,1.0
163,0.00053295
164,0.9923144
165,0.5404724
166,7.4437853e-06
167,4.419423e-08
168,0.96887165
169,0.5843255
170,6.0333437e-05
171,0.02175367
172,1.7792614e-08
173,1.2801275e-05
174,6.936159e-12
175,0.00053716
176,0.2601471
177,0.84478045
178,0.7541393
179,7.825828e-05
180,0.9999987
181,0.9997625
182,0.9999291
183,0.00028598
184,0.9944137
185,0.9999981
186,0.9992995
187,0.1614323
188,0.999987
189,6.6208145e-08
190,6.628568e-05
191,0.20898463
192,0.8997312
193,0.00368961
194,0.9998958
195,0.7529187
196,0.8829521
197,0.57932776
198,6.1176024e-07
199,0.99999964
200,0.99997246
201,0.69422835
202,0.20126624
203,0.99999464
204,1.7186944e-06
205,1.0
206,0.92096865
207,0.14556949
208,0.0044312
209,0.79548615
210,1.0
211,0.43902937
212,0.0079633
213,1.5230174e-07
214,0.01021807
215,0.04402798
216,1.755279e-06
217,0.99999464
218,0.83315
219,0.99999857
220,0.00123208
221,1.3947305e-14
222,0.9995875
223,0.9999999
224,0.80612564
225,0.7216843
226,0.9986343
227,0.6577808
228,0.9999925
229,0.91544783
230,0.9942439
231,0.2403641
232,0.9308906
233,1.7532582e-07
234,0.81465906
235,4.348198e-05
236,9.0885845e-07
237,0.00041028
238,0.38449907
239,9.274726e-05
240,0.9999337
241,0.39677158
242,0.10739304
243,0.03412453
244,0.00648643
245,1.292075e-07
246,0.6410613
247,0.999998
248,2.3871037e-08
249,0.3975982
250,0.9320046
251,0.89109236
252,0.9999403
253,0.9620913
254,0.8086718
255,0.9157304
256,0.8999341
257,0.56284225
258,6.524632e-05
259,0.97879845
260,2.8415403e-05
261,1.4847986e-06
262,0.99794894
263,0.00065954
264,4.735503e-06
265,0.32000688
266,0.8776571
267,1.7903035e-13
268,0.99999917
269,0.9943849
270,0.99937016
271,0.9999982
272,0.00266965
273,0.9999831
274,0.77324635
275,2.5102434e-11
276,0.99912304
277,0.08879424
278,0.99968123
279,0.00156495
280,5.41168e-13
281,1.0
282,0.00197458
283,0.00058187
284,0.99998033
285,0.99968755
286,9.165747e-05
287,0.00016403
288,0.11971996
289,0.60925925
290,0.9057857
291,4.5768817e-07
292,0.0788168
293,0.22693999
294,0.9999963
295,1.8428205e-08
296,0.99937385
297,0.99376535
298,0.00013603
299,0.9999999
300,0.99999475
301,0.9999999
302,0.0003604
303,0.00419169
304,0.44246727
305,0.02038146
306,9.4867875e-07
307,0.85473746
308,3.8501898e-07
309,0.00169284
310,0.56399894
311,7.4193107e-10
312,0.9999939
313,1.2053017e-06
314,0.02283257
315,0.0011347
316,0.06940527
317,0.99999976
318,0.94668406
319,0.00070504
320,0.44997057
321,4.2450712e-05
322,0.8514991
323,0.00023734
324,0.00029649
325,0.97595894
326,0.9997633
327,0.99025613
328,0.5947692
329,1.0
330,0.7255371
331,3.1963382e-06
332,0.00488668
333,1.0
334,0.06919627
335,0.6476029
336,0.7586473
337,1.0
338,0.9797831
339,0.99999535
340,0.17781377
341,0.9531062
342,0.00684655
343,0.99783117
344,0.00013222
345,0.9996792
346,0.4194153
347,0.04408912
348,0.35398096
349,0.9784849
350,2.6061061e-05
351,0.9999999
352,0.00059916
353,0.7682631
354,0.20171545
355,1.0
356,0.0020453
357,0.7677237
358,0.7403216
359,0.9999995
360,0.9990682
361,0.00059987
362,0.9998592
363,1.0
364,0.0842399
365,0.7539327
366,1.0
367,0.00294632
368,5.6382374e-05
369,0.00454038
370,1.7819732e-10
371,9.341262e-08
372,0.00198326
373,0.9463076
374,0.4360698
375,0.98116565
376,0.99951184
377,2.4218675e-06
378,0.98696333
379,0.00081791
380,3.2129942e-06
381,0.9924089
382,3.2539942e-09
383,0.00495089
384,0.6689834
385,0.9992238
386,7.0963935e-08
387,0.99983037
388,0.00326175
389,0.9999999
390,0.4150833
391,0.99997103
392,0.12609814
393,7.1339556e-09
394,0.44452932
395,0.42540953
396,0.6660005
397,0.00311143
398,0.9999206
399,9.435609e-13
400,2.1201652e-06
401,0.586108
402,0.08525186
403,0.4406347
404,0.9944912
405,1.5944145e-12
406,1.0
407,0.40934703
408,0.05789365
409,0.9990331
410,0.5856661
411,0.70457834
412,0.9999976
413,0.9999902
414,0.0094606
415,0.00243516
416,0.9990827
417,2.6708014e-10
418,1.5491023e-11
419,2.3275907e-06
420,4.0721878e-07
421,0.00086494
422,1.2686111e-05
423,0.9999968
424,4.1357318e-05
425,0.99579877
426,0.99789536
427,1.6089882e-05
428,0.9999989
429,0.95116043
430,3.7986872e-08
431,0.99337924
432,0.953386
433,0.0119413
434,0.00465993
435,0.4566362
436,1.1011999e-09
437,0.01517378
438,0.9646203
439,0.99992335
440,9.995851e-06
441,0.03594819
442,0.81789577
443,0.00105665
444,7.896463e-09
445,0.03844037
446,0.00815765
447,0.03041699
448,0.96377134
449,0.99555176
450,0.99924445
451,0.4046908
452,1.2313477e-05
453,0.9932573
454,0.00032535
455,3.369084e-06
456,0.62292403
457,0.00984001
458,1.0
459,0.04766417
460,1.462813e-08
461,1.6938039e-09
462,0.99999
463,0.18053356
464,0.7811293
465,6.756283e-15
466,0.9575551
467,0.9296655
468,0.00018645
469,0.10701914
470,0.99053824
471,0.03834641
472,1.0
473,8.5946296e-05
474,3.866719e-06
475,0.9999994
476,0.7930126
477,0.99944574
478,1.0
479,0.00724938
480,1.8248553e-05
481,0.5519779
482,0.9999943
483,0.99220544
484,7.986255e-06
485,4.7292287e-05
486,0.3945701
487,0.999997
488,0.99999833
489,0.01664147
490,0.6129235
491,0.99996233
492,0.9757564
493,0.52608037
494,0.9926926
495,0.6389794
496,2.494702e-15
497,4.5439465e-06
498,0.83176476
499,0.00080412
500,0.00022845
501,1.3405186e-07
502,0.9844966
503,0.9534223
504,0.00015142
505,0.96629065
506,0.05412674
507,0.99769825
508,0.40093917
509,0.9999999
510,7.078081e-05
511,0.99999917
512,0.12196141
513,0.72920454
514,2.797519e-10
515,0.00104586
516,0.14061548
517,0.9963194
518,0.99999213
519,0.00835403
520,0.9984994
521,0.98946744
522,0.00122077
523,0.22906867
524,0.00444567
525,8.250853e-07
526,0.9995449
527,0.66989213
528,0.00484409
529,0.9410846
530,0.18730377
531,0.05179783
532,6.949189e-06
533,1.7310203e-05
534,0.00285346
535,0.00015055
536,0.6978484
537,0.9210442
538,3.2703845e-08
539,0.06533279
540,0.8934688
541,0.7226583
542,0.99992096
543,0.99209034
544,0.9999999
545,0.9990355
546,0.99972755
547,0.99975413
548,0.9937012
549,1.0
550,0.99234116
551,0.55155957
552,0.97825867
553,0.99993706
554,0.00626312
555,0.99935275
556,0.89959884
557,0.00029208
558,0.664759
559,0.00096725
560,0.9997913
561,0.99999905
562,0.9901158
563,2.167155e-06
564,7.661297e-06
565,2.701823e-08
566,0.9998286
567,0.00109851
568,5.721341e-07
569,3.5866955e-11
570,0.9999999
571,2.4162475e-06
572,0.11068313
573,0.8816629
574,0.05080397
575,8.66419e-08
576,4.4352535e-05
577,0.9741511
578,8.482983e-10
579,0.99615896
580,4.481947e-05
581,0.9982851
582,0.63883513
583,2.4543855e-05
584,4.500079e-07
585,0.49280798
586,0.8100397
587,0.99953055
588,0.8910618
589,0.00048381
590,0.9999908
591,0.9999174
592,0.00050276
593,0.8320536
594,0.07389452
595,0.9994481
596,0.21444151
597,0.9999945
598,0.05368508
599,0.99999964
600,9.075749e-07
601,1.0
602,0.94705266
603,0.8092925
604,0.00817742
605,0.00128336
606,1.4729699e-06
607,0.00488175
608,0.9252902
609,0.5727812
610,0.02942825
611,0.0003542
612,0.00318855
613,0.00438868
614,2.7466038e-10
615,0.05290155
616,1.08860254e-10
617,0.9999958
618,3.4402137e-07
619,0.9865589
620,6.276094e-08
621,0.00155533
622,0.04019143
623,0.9997609
624,0.00844834
625,4.3244734e-07
626,1.7787108e-09
627,0.37275374
628,0.9543532
629,0.9466846
630,0.00567253
631,0.99998
632,0.00091857
633,0.00029729
634,0.00018718
635,0.01380512
636,0.7461885
637,1.0
638,0.9256477
639,0.87224376
640,0.8709244
641,0.9690902
642,0.8629431
643,0.6138254
644,1.7452525e-09
645,0.9999995
646,0.98956734
647,6.502354e-10
648,0.6168275
649,0.99697864
650,0.8565139
651,0.97738314
652,0.85691136
653,0.8233242
654,0.00413597
655,1.1925185e-07
656,0.4272407
657,0.99838686
658,0.40905002
659,0.99999964
660,0.9999999
661,1.0
662,0.99999547
663,0.9941432
664,0.9999465
665,2.9361763e-08
666,0.29919612
667,0.73548126
668,0.07582857
669,0.01112959
670,3.7800291e-06
671,0.34333953
672,0.9999958
673,1.0
674,4.783816e-12
675,1.0
676,0.01606184
677,0.00836539
678,1.3568147e-06
679,0.00024878
680,0.00734756
681,0.9879296
682,0.9600008
683,0.00045912
684,0.01847854
685,0.62543815
686,0.9999057
687,0.00126217
688,6.4460147e-07
689,0.14912575
690,0.33745703
691,0.03308042
692,1.0
693,0.97958505
694,0.00026853
695,0.92724854
696,0.00197135
697,0.986889
698,0.9996855
699,0.9925949
700,1.9885561e-05
701,1.0
702,1.0
703,0.92103106
704,0.10293628
705,0.02927197
706,4.6130077e-05
707,0.46906048
708,1.0
709,0.00253524
710,4.608879e-05
711,8.1656726e-05
712,0.04822008
713,0.99999595
714,0.23874205
715,0.9999521
716,9.949262e-08
717,0.5499419
718,0.99999714
719,0.6427551
720,0.99920815
721,1.0
722,0.0250431
723,0.46578667
724,0.01357856
725,3.2067545e-13
726,1.5526025e-10
727,1.0
728,0.9999958
729,0.00780065
730,3.561255e-05
731,0.99952185
732,0.05047058
733,3.950399e-09
734,0.03782581
735,1.0
736,9.836889e-13
737,1.0
738,0.9878836
739,0.07966132
740,0.00016042
741,0.9999858
742,0.73481435
743,1.869782e-08
744,0.16353501
745,0.06801394
746,0.99995995
747,0.00090073
748,0.24232516
749,0.05950787
750,0.07487647
751,0.2662652
752,1.06927665e-07
753,0.99858
754,0.2093529
755,0.9993642
756,1.13096945e-08
757,0.99681693
758,0.99999964
759,0.00455024
760,9.666745e-08
761,0.98572576
762,4.681543e-13
763,0.89141554
764,0.9644537
765,0.998749
766,0.99553126
767,0.8736256
768,0.99966156
769,0.03878007
770,0.999923
771,0.99999
772,1.0
773,0.00270737
774,0.96562785
775,8.6114835e-07
776,0.16658278
777,0.08426987
778,0.01195458
779,0.02608208
780,0.01172919
781,9.5547765e-09
782,0.18724279
783,0.00107325
784,0.9999151
785,0.99558467
786,0.00528888
787,1.0
788,6.8614834e-05
789,0.93690854
790,1.0676504e-05
791,0.9954679
792,1.0
793,0.99999523
794,1.0
795,9.302453e-06
796,0.00026546
797,4.8255227e-08
798,0.99995875
799,5.341234e-07
800,0.9999368
801,0.99992454
802,0.99570173
803,0.99785244
804,3.9384536e-06
805,0.00049922
806,0.99998975
807,0.9999999
808,0.9739381
809,3.1757588e-06
810,1.4949762e-06
811,0.99785304
812,0.9993144
813,0.99632543
814,0.178804
815,0.99998355
816,0.4635175
817,0.4857235
818,0.26587513
819,1.8258187e-10
820,0.1737212
821,0.00019096
822,5.780414e-06
823,0.9900893
824,0.9783449
825,0.6027453
826,0.99986386
827,0.9131225
828,1.4697171e-07
829,0.9880278
830,0.9488764
831,0.0015772
832,0.03803075
833,0.01159135
834,5.983478e-10
835,0.9985863
836,3.8937873e-08
837,0.06945971
838,0.99996233
839,0.9432783
840,7.659392e-05
841,3.0462048e-09
842,0.00869161
843,2.3279552e-14
844,1.0
845,0.00039249
846,0.99977857
847,0.9925869
848,0.00110979
849,0.9999999
850,0.27480382
851,2.4149892e-07
852,0.91776884
853,0.01185489
854,0.00022682
855,0.00027561
856,0.6959323
857,4.3571085e-09
858,0.99996436
859,0.9181611
860,0.99646974
861,1.0
862,0.37936437
863,0.9980829
864,0.22921428
865,0.99890685
866,1.0
867,0.53095704
868,2.5727388e-07
869,0.9829609
870,0.09490362
871,0.6632712
872,0.99999833
873,0.47006905
874,0.16569483
875,0.42084232
876,0.00019305
877,0.9893448
878,0.45024455
879,9.759725e-07
880,0.00103075
881,0.9999999
882,1.0
883,0.01724472
884,0.70311195
885,2.5639125e-05
886,0.9909785
887,0.98325634
888,0.99017626
889,0.00333177
890,0.57985735
891,0.029439
892,0.058652
893,0.6446434
894,0.00026576
895,0.4102122
896,0.99996054
897,0.12615809
898,0.9992867
899,0.00047774
900,0.28635758
901,0.9851645
902,0.7055824
903,0.9979164
904,1.492894e-08
905,0.79732466
906,0.00079105
907,0.08053264
908,2.4512181e-05
909,0.99909604
910,0.1763232
911,9.764561e-06
912,0.83416057
913,0.7983098
914,5.567168e-06
915,0.11469596
916,2.1821197e-06
917,0.10370599
918,2.4030971e-08
919,1.7302298e-05
920,0.0002124
921,0.8988462
922,0.23413898
923,0.19233087
924,0.9999988
925,0.99975306
926,1.7170662e-07
927,0.9999988
928,7.1712957e-06
929,0.9928167
930,0.9699977
931,0.26652676
932,3.068258e-07
933,0.11005056
934,0.8112929
935,0.52407306
936,0.00338801
937,0.00179464
938,0.9853461
939,1.0
940,0.00876872
941,0.999602
942,6.2987147e-06
943,0.2188242
944,1.0
945,2.193601e-09
946,0.99999976
947,5.1415157e-07
948,0.99934155
949,0.09354554
950,0.670595
951,2.5324365e-05
952,0.99143314
953,0.7615883
954,0.8867807
955,4.874212e-07
956,0.9996983
957,0.9761945
958,8.851503e-06
959,0.99964046
960,0.97690773
961,0.24625637
962,0.9996772
963,0.01909873
964,0.9989563
965,0.99930215
966,4.136736e-06
967,0.37859944
968,1.5771403e-06
969,0.00021499
970,0.16792051
971,0.00190356
972,2.0498126e-05
973,0.99999774
974,0.8007076
975,0.5614994
976,2.8548879e-05
977,0.9193515
978,0.889647
979,0.02642753
980,0.94686323
981,0.00011033
982,6.0175553e-06
983,0.00955806
984,9.721768e-09
985,0.99847037
986,3.0261835e-05
987,0.7584843
988,0.9988921
989,0.05709804
990,0.05439722
991,0.3330809
992,0.9998485
993,0.21375875
994,0.99996984
995,0.784518
996,1.5673658e-06
997,0.04240841
998,0.84780204
999,0.00711185
1000,0.00041923
1001,0.9999863
1002,9.5058437e-07
1003,0.2926482
1004,1.0
1005,0.99999845
1006,8.136909e-08
1007,0.80834603
1008,3.0778213e-11
1009,0.9865573
1010,0.999998
1011,0.97698396
1012,0.0002752
1013,0.7726973
1014,2.2940894e-06
1015,0.9997485
1016,0.03499798
1017,0.7813567
1018,0.40366602
1019,0.666171
1020,7.72377e-06
1021,0.01201649
1022,0.9987902
1023,2.1498789e-11
1024,0.99167037
1025,0.00437621
1026,0.00889758
1027,0.9679233
1028,0.6354667
1029,0.7883401
1030,0.9999982
1031,0.32987148
1032,0.89639455
1033,0.73631954
1034,0.6726097
1035,0.9926581
1036,0.55670226
1037,0.00059196
1038,0.9981894
1039,4.4044722e-05
1040,0.85557866
1041,0.9999981
1042,0.9999769
1043,0.12241771
1044,0.01520326
1045,0.9999939
1046,1.7397519e-05
1047,0.90873116
1048,0.03787266
1049,0.00207486
1050,0.94907314
1051,0.19185941
1052,0.688973
1053,0.9213004
1054,0.0527983
1055,0.0052773
1056,0.19551311
1057,0.9999926
1058,1.0378364e-07
1059,0.01298431
1060,0.9979107
1061,0.99999976
1062,0.00866293
1063,0.99902
1064,0.5452866
1065,0.00086802
1066,0.39371884
1067,0.75609237
1068,0.98083866
1069,0.9999999
1070,2.6184406e-09
1071,0.9988871
1072,0.99999905
1073,0.6609253
1074,0.97238886
1075,3.855826e-06
1076,0.93062913
1077,0.9999999
1078,0.00077364
1079,0.4444256
1080,0.9876132
1081,0.01010802
1082,1.2625086e-08
1083,0.81963825
1084,0.00383954
1085,0.999579
1086,0.0006843
1087,0.03530063
1088,0.08775004
1089,7.896601e-06
1090,0.9999802
1091,2.2961279e-08
1092,0.0393026
1093,0.99091
1094,0.97361225
1095,0.81901854
1096,2.4049633e-08
1097,0.99992096
1098,0.00344563
1099,0.99999344
1100,0.9999107
1101,0.3730572
1102,1.0
1103,0.8965435
1104,1.0
1105,0.06255317
1106,0.33204105
1107,0.99772567
1108,0.999982
1109,1.0
1110,0.6599195
1111,0.9955231
1112,0.9999999
1113,0.00257902
1114,2.8639593e-07
1115,0.23876065
1116,0.99777126
1117,2.2425298e-05
1118,4.8846974e-05
1119,0.99977237
1120,0.00468538
1121,0.14188337
1122,0.80419105
1123,0.00048944
1124,4.7808404e-13
1125,0.65658134
1126,0.00624836
1127,0.9983531
1128,0.02644206
1129,0.99998903
1130,0.04891826
1131,0.05814632
1132,0.9956619
1133,1.5124715e-07
1134,0.00335934
1135,0.9999994
1136,0.90930337
1137,1.0938345e-07
1138,0.91863567
1139,1.0
1140,0.5233995
1141,0.9036786
1142,0.00117876
1143,0.58644676
1144,0.82889515
1145,0.8863783
1146,0.60098094
1147,0.9975349
1148,3.0613843e-05
1149,6.2533104e-11
1150,0.00943757
1151,0.06939802
1152,0.99544626
1153,0.78487444
1154,0.9979843
1155,0.9997814
1156,0.96962065
1157,0.63981205
1158,0.9979652
1159,1.0214871e-07
1160,0.46032512
1161,0.9010887
1162,0.99441344
1163,0.01764916
1164,6.412614e-05
1165,1.0
1166,0.99997866
1167,0.9999999
1168,0.99968994
1169,0.9565952
1170,0.99990785
1171,0.9860621
1172,0.9999902
1173,0.96343607
1174,1.0
1175,0.27899522
1176,0.89909333
1177,0.9999602
1178,0.9399917
1179,0.9923556
1180,0.9999993
1181,0.00323165
1182,0.9999913
1183,0.7831456
1184,0.01949646
1185,0.99999905
1186,0.03699544
1187,4.4363782e-10
1188,0.5419439
1189,0.9999528
1190,0.06823592
1191,0.57046896
1192,0.9999949
1193,0.02858215
1194,3.5834432e-07
1195,0.9999782
1196,0.9868009
1197,0.9603273
1198,0.9983152
1199,0.9968623
1200,0.790471
1201,0.7376313
1202,1.0
1203,0.07555407
1204,0.7892816
1205,0.99973017
1206,0.00185313
1207,0.10513543
1208,0.98758394
1209,1.0
1210,0.9959474
1211,1.0
1212,1.0
1213,3.564388e-11
1214,0.9999825
1215,0.99991775
1216,0.9315101
1217,0.9514957
1218,0.9848192
1219,1.0
1220,0.98061395
1221,3.6212633e-08
1222,0.97886056
1223,0.9706514
1224,0.00015535
1225,3.4157158e-06
1226,6.346009e-11
1227,0.99999964
1228,0.44611713
1229,0.76091516
1230,3.5345786e-07
1231,1.0
1232,0.00054387
1233,0.77562803
1234,0.9999964
1235,0.99999917
1236,0.8632565
1237,7.6228444e-06
1238,0.9620811
1239,0.97626424
1240,0.97166294
1241,0.05037097
1242,3.615654e-11
1243,0.9848438
1244,0.00869589
1245,0.9949561
1246,0.00565068
1247,0.22505598
1248,0.9975649
1249,3.6275287e-05
1250,4.785635e-05
1251,0.02865193
1252,0.00048909
1253,0.26304695
1254,0.99676126
1255,0.01071248
1256,0.9999999
1257,4.01985e-12
1258,0.00525995
1259,0.6782995
1260,1.0
1261,0.32082456
1262,3.119498e-08
1263,0.99998903
1264,0.9994824
1265,0.9998598
1266,1.5069592e-05
1267,1.6626431e-06
1268,0.03164554
1269,0.20512064
1270,0.36967477
1271,0.00510179
1272,0.99999845
1273,3.346286e-08
1274,0.9999685
1275,0.00139778
1276,0.6167359
1277,0.9999448
1278,0.00331203
1279,0.00029348
1280,0.91665435
1281,0.33224565
1282,0.9999982
1283,0.00026919
1284,0.05803164
1285,2.0649066e-05
1286,0.57889265
1287,0.5399025
1288,0.00750353
1289,0.06284108
1290,0.9133073
1291,0.03733416
1292,0.14237742
1293,0.99917835
1294,0.09571981
1295,0.01429219
1296,0.99964917
1297,0.9998017
1298,0.795426
1299,0.9226338
1300,0.03596728
1301,0.00019556
1302,0.9692527
1303,1.0850984e-05
1304,1.0
1305,0.01190543
1306,0.9982268
1307,6.5958295e-05
1308,0.00200036
1309,0.02937941
1310,0.02631036
1311,0.95969945
1312,0.9993197
1313,0.00018165
1314,0.99998415
1315,0.9999906
1316,1.1666943e-06
1317,0.00071872
1318,0.01606735
1319,1.9026665e-09
1320,0.999997
1321,0.945741
1322,0.00037621
1323,0.88568914
1324,0.00044732
1325,0.00517712
1326,0.99818784
1327,0.9692636
1328,0.9999995
1329,0.2512936
1330,1.2691471e-05
1331,0.99936455
1332,0.00019062
1333,0.34054217
1334,0.9999043
1335,0.9996902
1336,0.88802904
1337,0.9995061
1338,0.00489784
1339,0.91474545
1340,0.58704007
1341,1.0
1342,3.2559095e-05
1343,0.09806143
1344,0.99728453
1345,0.00306288
1346,0.94357413
1347,0.52063215
1348,0.05784344
1349,0.01371876
1350,7.6013335e-16
1351,1.807606e-05
1352,2.0531628e-11
1353,0.58320755
1354,0.00236497
1355,0.9677202
1356,4.231402e-07
1357,0.00189523
1358,0.4107543
1359,0.8798947
1360,4.0560632e-08
1361,0.23028295
1362,0.00213637
1363,0.07630879
1364,0.87633663
1365,0.00090441
1366,9.57349e-05
1367,0.05680218
1368,0.9996563
1369,0.25237393
1370,0.02246227
1371,0.0620975
1372,0.00011145
1373,0.98888934
1374,0.8976736
1375,0.18379846
1376,0.2964806
1377,0.99998844
1378,1.0
1379,0.8522976
1380,0.99747556
1381,0.18492514
1382,1.0
1383,0.83830535
1384,0.9984156
1385,5.2216008e-05
1386,0.9999995
1387,0.99790996
1388,0.4911608
1389,0.16442567
1390,0.9999987
1391,1.085334e-06
1392,1.0
1393,5.4610865e-07
1394,0.9999994
1395,0.00036594
1396,0.00835967
1397,0.98282963
1398,0.08110722
1399,0.00688908
1400,0.9241305
1401,0.21866795
1402,0.94597805
1403,0.6921719
1404,0.15196644
1405,0.01589727
1406,0.00027336
1407,0.9900064
1408,0.00929611
1409,0.19476958
1410,0.4837857
1411,0.0001091
1412,0.9995239
1413,0.01659411
1414,3.4125096e-05
1415,2.944567e-07
1416,0.9996075
1417,0.9951504
1418,0.35627636
1419,0.9880052
1420,0.47106454
1421,0.00638332
1422,0.99677235
1423,0.9999968
1424,0.99978787
1425,5.0225608e-05
1426,0.61841315
1427,0.99995005
1428,0.02667245
1429,0.92387575
1430,0.966607
1431,0.95264804
1432,0.99999666
1433,1.0
1434,0.99996877
1435,0.77706516
1436,0.59051186
1437,0.16352347
1438,0.99950624
1439,0.9997967
1440,5.1585875e-12
1441,0.33081558
1442,0.88118047
1443,0.701806
1444,0.02015052
1445,0.9999876
1446,0.9999919
1447,0.99985135
1448,0.19909851
1449,0.9999999
1450,0.99906653
1451,0.9977962
1452,0.68908
1453,0.84441674
1454,0.9998331
1455,0.5251018
1456,0.6300872
1457,0.00760031
1458,0.9998907
1459,1.0
1460,0.9972373
1461,0.9999771
1462,0.9994924
1463,0.00034481
1464,0.00015381
1465,0.9994055
1466,0.00628494
1467,0.00475502
1468,0.995612
1469,0.98032516
1470,0.9781276
1471,0.9999199
1472,0.9508416
1473,0.44847015
1474,0.9999753
1475,0.9844901
1476,0.9378989
1477,9.35356e-05
1478,0.9994381
1479,0.937674
1480,1.0
1481,4.3618106e-06
1482,0.9990907
1483,0.00154688
1484,4.234669e-09
1485,0.36409694
1486,0.00032702
1487,0.2372572
1488,1.0
1489,0.9156944
1490,0.00123615
1491,0.99745923
1492,0.47815555
1493,1.0
1494,0.01680145
1495,0.99572927
1496,1.4288827e-06
1497,0.99999046
1498,0.35790488
1499,0.00130692
1500,0.10621615
1501,0.00044513
1502,0.05364851
1503,4.1153982e-07
1504,0.02835093
1505,0.14054987
1506,0.00083339
1507,7.757669e-06
1508,0.00848988
1509,0.7269488
1510,0.99997187
1511,0.99997914
1512,0.00179758
1513,0.02426547
1514,0.4111078
1515,0.41237906
1516,4.214471e-07
1517,0.99923277
1518,0.9999994
1519,0.9999331
1520,0.02438767
1521,0.9935022
1522,0.99974984
1523,0.41772848
1524,3.5338778e-07
1525,0.23843758
1526,1.0
1527,0.09444197
1528,0.96949726
1529,0.00010356
1530,1.2146044e-05
1531,0.00082274
1532,0.0002738
1533,0.00060566
1534,0.99499524
1535,1.3597179e-16
1536,1.0
1537,0.00119585
1538,3.0224946e-06
1539,3.436571e-07
1540,0.9724797
1541,1.0
1542,6.9288267e-06
1543,0.02190026
1544,0.99969876
1545,0.05775333
1546,0.99644274
1547,1.0
1548,0.03650406
1549,0.99999774
1550,3.4380698e-06
1551,1.980867e-07
1552,0.65968746
1553,0.00015548
1554,0.99995685
1555,0.0140142
1556,0.9999851
1557,0.99999714
1558,9.9988276e-05
1559,0.98187375
1560,0.99879813
1561,0.9708378
1562,3.3771317e-13
1563,0.6398358
1564,0.00140895
1565,0.0110784
1566,1.0
1567,0.00450791
1568,0.76380795
1569,3.6899333e-08
1570,0.98176515
1571,0.10714978
1572,0.00025637
1573,0.3964316
1574,0.9999938
1575,4.7087886e-07
1576,2.6145793e-08
1577,0.51211685
1578,0.99279505
1579,0.04694697
1580,0.4547724
1581,5.1257404e-05
1582,3.679034e-05
1583,1.0
1584,0.99999106
1585,0.97262716
1586,0.74994296
1587,1.0
1588,0.9999527
1589,0.9743894
1590,0.00049861
1591,0.9865832
1592,0.1901352
1593,0.5107347
1594,0.22379667
1595,0.9076867
1596,0.00320147
1597,1.0
1598,0.10519756
1599,4.153521e-14
1600,0.9999989
1601,0.9979405
1602,0.00038719
1603,2.335463e-05
1604,1.1540532e-05
1605,0.99346715
1606,0.95427305
1607,0.94866055
1608,0.9999999
1609,0.6762675
1610,0.9983695
1611,0.9929925
1612,0.9941849
1613,0.83339083
1614,4.7029453e-06
1615,0.99984765
1616,0.01095584
1617,1.0
1618,0.893085
1619,0.00057091
1620,0.00024243
1621,0.08905474
1622,1.0
1623,8.762338e-09
1624,0.98396283
1625,3.358362e-07
1626,1.0
1627,0.9999974
1628,0.06869667
1629,0.1243819
1630,1.4030145e-07
1631,0.00072963
1632,0.98408854
1633,0.02977236
1634,0.9999994
1635,0.97607327
1636,0.99725
1637,0.00607439
1638,0.10939501
1639,0.01286519
1640,7.578376e-05
1641,0.9970463
1642,0.08720961
1643,0.00064749
1644,0.99981064
1645,1.0
1646,0.00022069
1647,1.794123e-06
1648,0.9996094
1649,0.9853021
1650,1.0
1651,0.98548764
1652,0.9716916
1653,0.48995122
1654,0.00240071
1655,0.9849433
1656,0.999979
1657,0.9881589
1658,2.2596207e-07
1659,0.9765614
1660,0.6084775
1661,0.00059439
1662,0.89519113
1663,0.9997738
1664,1.6057157e-08
1665,0.9885507
1666,0.9845403
1667,0.8474956
1668,0.8598121
1669,1.0
1670,0.17190403
1671,0.9986003
1672,0.00024593
1673,0.00047528
1674,0.9748693
1675,0.9674277
1676,9.424062e-09
1677,0.9983918
1678,0.99995124
1679,0.03910677
1680,0.9999913
1681,0.9995652
1682,0.00851956
1683,0.25247064
1684,0.01825901
1685,0.9685752
1686,1.0
1687,0.99992514
1688,0.99999976
1689,2.8729872e-05
1690,0.46023846
1691,0.9999807
1692,0.05111611
1693,7.060124e-10
1694,0.00351024
1695,0.16686852
1696,0.5693946
1697,0.03789835
1698,0.02027994
1699,0.9991411
1700,0.9988919
1701,1.3987636e-06
1702,0.50693417
1703,0.99999285
1704,0.9999999
1705,0.9978588
1706,7.69204e-11
1707,0.98135287
1708,0.9995952
1709,0.99925166
1710,3.545501e-09
1711,9.6882126e-05
1712,0.99699783
1713,0.9999999
1714,0.99888235
1715,1.0
1716,0.99992394
1717,0.9999801
1718,8.513569e-14
1719,0.00014866
1720,0.00069303
1721,0.7981237
1722,3.754653e-08
1723,0.44879222
1724,0.00148113
1725,9.989072e-13
1726,0.00610772
1727,1.0
1728,0.9438385
1729,0.99923766
1730,3.904672e-10
1731,0.6812561
1732,0.9794663
1733,9.5610554e-11
1734,3.3424904e-08
1735,0.0081091
1736,0.00055048
1737,7.758582e-11
1738,0.9243046
1739,0.9867324
1740,0.9467086
1741,1.0
1742,0.9999993
1743,1.5842766e-13
1744,0.46500313
1745,0.9998037
1746,0.00457068
1747,0.99999607
1748,0.9999584
1749,0.999995
1750,0.9952732
1751,0.00083669
1752,1.472561e-07
1753,6.803146e-11
1754,3.0536466e-08
1755,2.341601e-07
1756,3.41905e-06
1757,0.00398735
1758,0.4665544
1759,0.86170954
1760,6.2127885e-09
1761,0.9985428
1762,0.1619705
1763,1.8260192e-06
1764,0.87496024
1765,0.91692144
1766,0.00367313
1767,0.9992859
1768,0.99941885
1769,0.9999969
1770,0.9598078
1771,0.1490864
1772,0.9455416
1773,8.0326686e-08
1774,0.0963586
1775,0.00888999
1776,0.9977227
1777,0.9992036
1778,0.97795564
1779,0.9999081
1780,0.00058349
1781,3.534737e-07
1782,0.23383155
1783,0.9999999
1784,0.0017401
1785,0.84900886
1786,1.0
1787,6.634046e-09
1788,0.99868304
1789,0.8348256
1790,1.9077877e-06
1791,0.95655143
1792,0.9996505
1793,0.9949862
1794,1.0
1795,0.5959136
1796,0.2982768
1797,6.186162e-08
1798,0.6328
1799,0.98699385
1800,2.6419812e-06
1801,0.99958223
1802,0.99959797
1803,0.02001472
1804,2.5639265e-06
1805,1.0
1806,1.0
1807,0.9791012
1808,4.5741752e-10
1809,0.9883348
1810,0.99997294
1811,0.9998901
1812,0.03892393
1813,0.00091263
1814,0.81090206
1815,0.9999492
1816,5.384291e-07
1817,0.23326685
1818,0.9999918
1819,0.6383859
1820,1.7500339e-05
1821,0.9799106
1822,4.957549e-05
1823,1.769278e-08
1824,0.73304886
1825,9.151644e-08
1826,0.27296105
1827,2.9120158e-06
1828,1.6078486e-05
1829,0.8434524
1830,9.63378e-06
1831,0.9996037
1832,5.636756e-07
1833,0.8616445
1834,0.08782094
1835,1.4193918e-09
1836,0.99807006
1837,0.8547388
1838,1.0
1839,0.48760986
1840,0.9820431
1841,0.19911098
1842,2.1911589e-13
1843,7.55143e-06
1844,0.99999976
1845,9.360242e-06
1846,1.3044494e-12
1847,0.83809334
1848,1.0
1849,0.99999857
1850,0.9999864
1851,0.99979275
1852,0.99999535
1853,7.1889114e-19
1854,0.0004492
1855,0.00036898
1856,0.9148315
1857,0.9234747
1858,0.00106114
1859,0.9934098
1860,0.14541033
1861,0.5073404
1862,2.5643485e-10
1863,0.99999106
1864,0.9999963
1865,0.00128473
1866,0.99462044
1867,0.5063924
1868,0.19909056
1869,0.00295708
1870,1.0
1871,0.0001193
1872,0.60402477
1873,0.96247834
1874,1.0
1875,0.01222393
1876,0.997938
1877,0.8877077
1878,2.854286e-09
1879,0.99962497
1880,0.09195748
1881,0.9959487
1882,0.32274166
1883,1.0
1884,0.70452267
1885,1.7730517e-05
1886,0.36319527
1887,0.88217497
1888,6.066765e-08
1889,1.066354e-05
1890,1.0
1891,0.99927574
1892,0.65473056
1893,0.28099248
1894,0.00093253
1895,0.98112786
1896,0.9988586
1897,0.9955711
1898,0.58705693
1899,0.8589451
1900,0.9951746
1901,0.9759458
1902,0.9999975
1903,0.9801354
1904,0.99977213
1905,0.5348263
1906,0.04572654
1907,0.01092768
1908,0.36682934
1909,0.99996877
1910,0.00106137
1911,0.9996954
1912,0.0199608
1913,0.98381627
1914,8.9088866e-07
1915,1.5973618e-11
1916,1.0
1917,0.99999607
1918,1.0
1919,0.99981326
1920,0.6107867
1921,0.9773348
1922,0.997393
1923,0.6873578
1924,0.9999999
1925,0.99651176
1926,1.3647848e-08
1927,0.98148215
1928,0.9999988
1929,0.99995863
1930,1.3988788e-05
1931,0.0003454
1932,4.3453754e-05
1933,0.99999714
1934,0.26118213
1935,0.10819247
1936,0.0061072
1937,9.33549e-05
1938,0.71406144
1939,0.9984761
1940,0.89531094
1941,0.32969764
1942,0.3775956
1943,0.15342678
1944,0.04972122
1945,0.9983588
1946,2.4117486e-05
1947,0.5044906
1948,5.9039417e-07
1949,1.0
1950,7.205889e-06
1951,0.9372405
1952,0.29172045
1953,0.9977307
1954,1.0
1955,0.99992836
1956,0.99951327
1957,0.44079512
1958,0.8495793
1959,1.0
1960,0.99963224
1961,1.1552215e-09
1962,0.00529188
1963,0.99999905
1964,0.4517231
1965,3.1997665e-06
1966,0.8896747
1967,0.99999905
1968,1.3759967e-10
1969,0.9895991
1970,0.999676
1971,5.802694e-05
1972,0.99960214
1973,2.6146772e-06
1974,8.34085e-05
1975,0.44455007
1976,8.217284e-07
1977,0.9999999
1978,1.5508933e-08
1979,0.96339494
1980,0.00205961
1981,0.19392563
1982,0.00102106
1983,4.130967e-09
1984,0.26825628
1985,0.7353844
1986,5.1753686e-09
1987,0.7056429
1988,0.999997
1989,0.9996505
1990,4.045499e-13
1991,0.90605944
1992,0.9799855
1993,0.3232713
1994,2.1188625e-05
1995,0.03456253
1996,0.00102039
1997,0.00345899
1998,0.99251735
1999,0.99999225
2000,0.00137245
2001,0.9961836
2002,0.9321382
2003,0.00244036
2004,0.9822949
2005,0.99999917
2006,4.7050322e-05
2007,0.6465932
2008,4.7462436e-05
2009,0.9969856
2010,4.2344754e-09
2011,0.02214908
2012,2.444502e-10
2013,0.00157329
2014,0.8491972
2015,0.98887724
2016,0.9999852
2017,0.04003795
2018,8.453071e-05
2019,0.9999573
2020,0.9731003
2021,0.99995863
2022,0.99953806
2023,0.00632597
2024,3.1543707e-10
2025,0.90702164
2026,0.01347197
2027,0.9986632
2028,0.9075665
2029,0.03441129
2030,1.5424156e-06
2031,0.40710276
2032,0.4599091
2033,0.0014062
2034,1.0
2035,0.2443122
2036,0.9878116
2037,0.00148351
2038,0.00572151
2039,0.00024648
2040,2.1880837e-06
2041,0.00061402
2042,2.1392741e-13
2043,0.16132274
2044,0.25488374
2045,0.06237781
2046,0.00074569
2047,0.9999877
2048,0.9986008
2049,1.0
2050,0.99999917
2051,0.5628328
2052,0.9965701
2053,3.3396854e-09
2054,7.697856e-05
2055,0.00023617
2056,1.0
2057,0.6858274
2058,0.00216014
2059,0.00431479
2060,1.6232798e-05
2061,0.00089055
2062,0.8750424
2063,0.4231434
2064,0.95395833
2065,0.00599623
2066,1.1036332e-12
2067,1.0
2068,0.9955456
2069,0.99564904
2070,0.996342
2071,1.987523e-05
2072,0.51868916
2073,1.6271808e-07
2074,2.5741237e-11
2075,0.01670071
2076,0.99818546
2077,0.9998173
2078,0.00135444
2079,0.7015155
2080,5.76921e-18
2081,0.70023257
2082,0.9980506
2083,0.01591925
2084,0.9101293
2085,0.99997735
2086,0.7067443
2087,0.9997228
2088,0.9990676
2089,0.9297802
2090,0.04794245
2091,0.00016007
2092,0.00647656
2093,1.1322061e-06
2094,2.3739235e-11
2095,0.9999753
2096,0.9977836
2097,2.0915396e-10
2098,1.0
2099,3.4915986e-09
2100,0.00908733
2101,0.3921951
2102,0.9999118
2103,0.44640914
2104,0.99999523
2105,0.909238
2106,0.91550165
2107,8.5827935e-11
2108,1.0
2109,0.9999999
2110,0.00924593
2111,5.083985e-07
2112,0.16391142
2113,2.6388423e-12
2114,0.9999082
2115,0.99924266
2116,0.8657765
2117,0.999997
2118,1.3507812e-07
2119,0.00793014
2120,1.0
2121,0.258328
2122,6.322124e-05
2123,0.64136994
2124,0.999684
2125,1.6903455e-15
2126,0.99265665
2127,0.5050828
2128,0.8914772
2129,0.65196395
2130,0.00964554
2131,5.602895e-07
2132,0.03398432
2133,0.02287221
2134,0.00255417
2135,0.96790755
2136,1.596461e-05
2137,0.84322256
2138,0.0476892
2139,0.0013593
2140,0.99999976
2141,0.99999535
2142,0.00016406
2143,0.19384213
2144,0.99829453
2145,0.99999964
2146,3.7925952e-06
2147,0.9894315
2148,4.092786e-06
2149,1.18161845e-08
2150,0.18334371
2151,3.4615105e-06
2152,1.2248368e-07
2153,0.8962647
2154,0.03404917
2155,0.00304439
2156,0.03014241
2157,0.99999845
2158,0.00247671
2159,0.00013715
2160,1.1947493e-05
2161,0.9998171
2162,0.9999932
2163,0.9835856
2164,1.8332437e-05
2165,0.8144823
2166,5.7677603e-06
2167,0.99475753
2168,0.9967514
2169,0.9527724
2170,0.9994288
2171,1.0856709e-05
2172,0.9999634
2173,0.06346075
2174,0.00196241
2175,0.96816206
2176,0.00020151
2177,0.9983997
2178,0.8843588
2179,0.03799636
2180,0.01023452
2181,1.4772435e-07
2182,0.9203277
2183,2.6077417e-15
2184,4.273511e-09
2185,0.99915683
2186,0.9858509
2187,0.9937011
2188,0.8285006
2189,0.09449141
2190,0.99495196
2191,0.26692125
2192,0.9999751
2193,0.00346323
2194,0.9878292
2195,0.9827372
2196,0.18024215
2197,0.995481
2198,0.00306991
2199,0.9999864
2200,0.19013529
2201,0.00014487
2202,0.9990632
2203,0.02180065
2204,0.9984634
2205,0.6297329
2206,0.9931472
2207,0.00510294
2208,0.00238019
2209,3.6742588e-07
2210,0.9999924
2211,0.9976767
2212,0.9474607
2213,0.23424836
2214,1.3445262e-05
2215,7.817379e-06
2216,0.8439293
2217,0.60421836
2218,0.00017829
2219,0.01457188
2220,9.89637e-06
2221,0.9999981
2222,0.99852777
2223,2.9060343e-08
2224,0.90665
2225,0.9989046
2226,0.65442705
2227,7.540997e-09
2228,0.99995387
2229,0.01515259
2230,0.00055833
2231,0.00036811
2232,0.22612067
2233,0.0087329
2234,2.6341243e-09
2235,0.99999404
2236,0.99998057
2237,9.296524e-08
2238,0.6476319
2239,0.99998784
2240,0.9931907
2241,1.2294307e-10
2242,0.9966633
2243,0.5405585
2244,0.9953465
2245,0.00147711
2246,0.00227594
2247,0.5351053
2248,0.9983646
2249,0.04287756
2250,0.9817986
2251,9.258412e-06
2252,0.18328291
2253,5.997663e-06
2254,0.7325443
2255,1.8407777e-10
2256,1.4810536e-11
2257,0.01215431
2258,1.4945742e-06
2259,0.99998295
2260,1.3539398e-07
2261,3.040934e-09
2262,0.9999013
2263,0.02279317
2264,0.9984688
2265,0.00069168
2266,0.91425115
2267,6.6758166e-10
2268,9.720982e-05
2269,0.99941564
2270,0.9999994
2271,2.1803184e-05
2272,6.3803896e-07
2273,0.99859387
2274,0.0010852
2275,5.541048e-10
2276,0.87520236
2277,9.791445e-08
2278,1.0060165e-05
2279,0.00743041
2280,0.9999993
2281,8.2296374e-08
2282,1.0
2283,0.9999914
2284,0.01697437
2285,2.8635394e-09
2286,0.9653773
2287,2.8416489e-05
2288,0.04228032
2289,0.98855245
2290,0.03114156
2291,0.9981914
2292,0.06983565
2293,0.6198951
2294,0.9999876
2295,0.0005973
2296,0.00504162
2297,0.0008064
2298,0.00019873
2299,8.6390255e-06
2300,0.9842658
2301,0.8564595
2302,0.9788351
2303,0.05251792
2304,0.99909866
2305,0.34665114
2306,0.9596735
2307,1.0166128e-05
2308,0.04236793
2309,0.983293
2310,0.02284737
2311,0.99813014
2312,0.99427384
2313,0.7599564
2314,0.99999976
2315,0.99558026
2316,0.9988887
2317,0.04087817
2318,0.02541733
2319,0.04328581
2320,0.99298203
2321,4.0054542e-07
2322,0.00192272
2323,0.46729812
2324,0.9017968
2325,0.8555167
2326,0.9996923
2327,0.23540103
2328,0.99998534
2329,0.99206054
2330,0.99999976
2331,0.04000745
2332,0.04948403
2333,0.9949863
2334,0.9993637
2335,4.357584e-05
2336,0.8826117
2337,0.0198034
2338,3.508783e-09
2339,0.57379836
2340,7.2615876e-05
2341,0.00014525
2342,0.99860954
2343,6.6643193e-09
2344,0.9943568
2345,0.99979085
2346,6.761752e-05
2347,0.83823633
2348,0.9947352
2349,0.03802942
2350,0.95228165
2351,0.01297124
2352,0.99831176
2353,0.99999785
2354,3.1601237e-05
2355,4.7150257e-07
2356,0.33509246
2357,0.4718271
2358,0.1446581
2359,0.89674705
2360,0.05641774
2361,0.99985623
2362,0.9999305
2363,0.45489767
2364,0.9999571
2365,0.5171444
2366,0.0033001
2367,0.9203383
2368,0.99999976
2369,0.9999943
2370,0.5668216
2371,0.9661474
2372,0.96128124
2373,0.00021755
2374,0.21015288
2375,0.9999987
2376,1.8780622e-13
2377,1.0
2378,0.03465365
2379,0.4698238
2380,8.065744e-07
2381,0.01736731
2382,0.1089794
2383,0.36618844
2384,0.01034831
2385,0.87122273
2386,0.9584954
2387,0.74738836
2388,0.8855427
2389,1.5919623e-08
2390,0.9999999
2391,0.695189
2392,0.00176817
2393,0.27047893
2394,0.9988605
2395,0.9779294
2396,0.0203424
2397,0.9987413
2398,0.20341897
2399,0.01443001
2400,1.0
2401,0.9157819
2402,3.1471833e-10
2403,0.00121284
2404,0.9868535
2405,0.8538687
2406,4.332139e-07
2407,0.9967487
2408,0.5476668
2409,0.9863542
2410,0.00126188
2411,0.9999964
2412,0.00055827
2413,0.2076648
2414,0.1090858
2415,0.99972624
2416,4.686571e-10
2417,0.98378766
2418,3.2835408e-06
2419,0.9999999
2420,0.00278186
2421,0.0926514
2422,0.00039154
2423,0.00092781
2424,0.7706654
2425,0.652077
2426,0.9999584
2427,0.67381865
2428,0.99999726
2429,0.7034998
2430,0.99965394
2431,0.0233275
2432,0.99999344
2433,0.8629834
2434,0.00717801
2435,0.6093904
2436,0.30750892
2437,0.9298239
2438,0.99867934
2439,0.02904209
2440,0.00026408
2441,4.687797e-06
2442,4.8907925e-08
2443,0.23219502
2444,1.0
2445,1.398562e-07
2446,0.9974256
2447,0.9680284
2448,0.79880255
2449,1.0
2450,0.5257382
2451,0.03752991
2452,0.899111
2453,0.9998141
2454,0.00057463
2455,0.44315514
2456,0.9999999
2457,6.7063e-06
2458,1.344797e-06
2459,1.0
2460,0.49734932
2461,0.79966086
2462,0.9780798
2463,0.9816792
2464,5.2298532e-05
2465,1.8067137e-10
2466,0.5691507
2467,0.04098037
2468,0.9999988
2469,0.8810273
2470,0.00022776
2471,0.12938274
2472,0.00092349
2473,0.99986255
2474,0.9999964
2475,4.2307516e-10
2476,0.00749065
2477,0.99968946
2478,0.99999285
2479,0.99995506
2480,0.8689998
2481,0.869157
2482,0.99997616
2483,0.9999999
2484,0.00062799
2485,0.01742203
2486,0.9749018
2487,0.00087921
2488,0.9989236
2489,0.00368733
2490,7.679796e-08
2491,0.9081916
2492,0.01135022
2493,0.9690983
2494,0.9996687
2495,0.997626
2496,0.93802935
2497,0.00360727
2498,0.5220726
2499,0.8243166
2500,0.00013195
2501,3.920633e-05
2502,0.98320735
2503,0.9999908
2504,0.6820785
2505,0.99998677
2506,0.9995722
2507,0.26627088
2508,0.00032883
2509,7.5346314e-08
2510,0.8354535
2511,0.8277997
2512,0.00052577
2513,0.98039997
2514,1.0
2515,1.0
2516,0.99997437
2517,0.9999981
2518,0.01431617
2519,0.00073225
2520,0.9990632
2521,0.99996257
2522,0.09334274
2523,0.00098834
2524,6.1843035e-05
2525,0.98470414
2526,0.7090627
2527,0.8969778
2528,0.99956053
2529,0.00032872
2530,0.70245206
2531,0.05543419
2532,1.5496557e-10
2533,2.1489106e-08
2534,0.9957967
2535,1.0
2536,0.0334553
2537,0.9998635
2538,6.6746393e-06
2539,0.84785837
2540,0.99736965
2541,7.341448e-11
2542,0.99970055
2543,0.05894299
2544,0.99907035
2545,0.8997236
2546,0.99997985
2547,1.4791333e-08
2548,0.01297776
2549,0.00012488
2550,0.99995446
2551,0.3031966
2552,0.17071004
2553,0.00043681
2554,0.9999975
2555,0.9728578
2556,0.003973
2557,0.00066577
2558,0.999652
2559,3.666338e-05
2560,0.9996389
2561,0.9994615
2562,0.99999726
2563,0.00062029
2564,0.67736465
2565,0.95157486
2566,0.00142096
2567,0.00011061
2568,0.00012783
2569,1.5219779e-06
2570,0.9946561
2571,0.99692315
2572,7.2831e-05
2573,0.99935883
2574,0.36263296
2575,0.05808567
2576,4.6252894e-06
2577,0.99892265
2578,0.3341299
2579,0.09044626
2580,1.1749161e-05
2581,0.77370936
2582,2.5159693e-06
2583,0.9998307
2584,0.0072771
2585,0.0002576
2586,0.9404831
2587,0.00137895
2588,2.2645408e-10
2589,7.384826e-12
2590,0.9584494
2591,0.00247979
2592,0.99999785
2593,0.00135641
2594,0.8635917
2595,0.177548
2596,1.9876123e-05
2597,0.00234828
2598,0.781106
2599,0.9998574
2600,0.96977645
2601,0.99999917
2602,0.13523357
2603,0.06530007
2604,1.1640299e-05
2605,0.9993585
2606,0.86458755
2607,0.9994898
2608,0.9999217
2609,3.1623915e-06
2610,0.99955386
2611,0.6919666
2612,0.99999976
2613,0.9774581
2614,0.43254533
2615,0.99356824
2616,0.00167331
2617,6.269538e-08
2618,0.81633174
2619,6.549361e-08
2620,1.12813034e-07
2621,1.0
2622,0.0070821
2623,0.9999956
2624,0.9999958
2625,1.7300417e-05
2626,0.01534291
2627,0.00879338
2628,0.17108703
2629,0.98142105
2630,0.9980453
2631,0.9999943
2632,7.891551e-05
2633,0.9916997
2634,0.9929283
2635,7.531469e-05
2636,0.42143992
2637,0.04198218
2638,0.99419963
2639,0.00016456
2640,0.9490873
2641,0.0576016
2642,0.0177514
2643,0.9999721
2644,0.7436444
2645,0.99977225
2646,0.42869523
2647,0.00278773
2648,0.04999537
2649,1.0
2650,0.9999989
2651,1.960711e-06
2652,0.9999758
2653,0.93070436
2654,1.0
2655,0.5342411
2656,0.5550136
2657,0.00597952
2658,7.0348115e-06
2659,0.9840836
2660,0.00078827
2661,2.8451226e-05
2662,0.13620673
2663,0.9998332
2664,0.99813545
2665,1.0
2666,0.99999976
2667,0.99999475
2668,1.0
2669,1.2176287e-07
2670,9.05651e-05
2671,0.9996371
2672,0.02135638
2673,0.99999964
2674,0.0361608
2675,0.23914473
2676,1.0
2677,0.02118891
2678,0.02694035
2679,0.00010538
2680,0.11957809
2681,0.2698076
2682,0.9077301
2683,0.9888425
2684,0.99173486
2685,4.1571531e-13
2686,0.9999999
2687,0.99952185
2688,0.9999974
2689,0.9165519
2690,5.6678207e-10
2691,2.2753287e-07
2692,0.9995813
2693,0.5305201
2694,0.04226388
2695,0.9998454
2696,0.9999541
2697,0.9734229
2698,0.9997793
2699,0.30975538
2700,0.00013303
2701,0.03403491
2702,0.0032187
2703,0.00602543
2704,0.91080374
2705,0.07590118
2706,0.8906564
2707,0.99995184
2708,0.96689856
2709,1.0158893e-07
2710,0.00011427
2711,0.00372047
2712,0.05943891
2713,0.9983261
2714,0.00768372
2715,0.9519523
2716,0.03134128
2717,4.52155e-06
2718,3.0698992e-08
2719,0.00015011
2720,0.99717015
2721,0.00076996
2722,2.5073615e-12
2723,0.9999995
2724,3.6177027e-11
2725,0.5837249
2726,0.00343563
2727,0.4040088
2728,0.9998041
2729,0.18465592
2730,0.37920797
2731,0.99360037
2732,2.1774218e-05
2733,0.19051932
2734,0.9985524
2735,5.213137e-08
2736,1.9987363e-06
2737,0.9999871
2738,0.9761219
2739,0.09157962
2740,0.8991787
2741,0.06675259
2742,0.05914013
2743,0.00015313
2744,0.07746568
2745,0.03543991
2746,0.02669564
2747,0.9888996
2748,0.9763956
2749,0.40171817
2750,0.9999553
2751,2.710016e-10
2752,2.7643877e-11
2753,0.0006814
2754,4.5831047e-12
2755,4.6727497e-08
2756,0.99999833
2757,0.00010837
2758,0.00047703
2759,0.00590871
2760,0.9999167
2761,0.20067526
2762,0.6193885
2763,0.00065177
2764,0.9999442
2765,0.01091989
2766,5.1634874e-09
2767,0.75927055
2768,8.17577e-05
2769,4.028744e-09
2770,3.8537847e-16
2771,0.9999927
2772,0.9678646
2773,0.99607134
2774,0.99951124
2775,6.5991204e-05
2776,2.6758717e-05
2777,0.79609513
2778,0.4964912
2779,0.8457959
2780,5.021052e-05
2781,0.29341337
2782,0.99908364
2783,0.00027
2784,0.99604356
2785,0.99401
2786,0.53325444
2787,1.6821409e-07
2788,0.37973195
2789,0.64882845
2790,7.7836717e-07
2791,3.641553e-18
2792,1.2483724e-10
2793,0.6032599
2794,0.9945998
2795,0.99997747
2796,4.1668518e-05
2797,1.3706256e-08
2798,1.3244994e-07
2799,0.9995671
2800,0.86232394
2801,0.99007905
2802,0.00010659
2803,0.00285529
2804,0.99322414
2805,0.9560917
2806,0.99876165
2807,0.961533
2808,3.112242e-08
2809,0.9984963
2810,0.97092056
2811,0.00013683
2812,0.99861157
2813,0.01713549
2814,9.670221e-10
2815,0.9920533
2816,0.7844954
2817,0.8506646
2818,0.0013716
2819,0.80441004
2820,2.684111e-13
2821,0.98236084
2822,0.2084125
2823,0.08943693
2824,0.33537635
2825,0.0050443
2826,0.99998796
2827,0.00597501
2828,0.02800865
2829,0.05779159
2830,0.9999926
2831,0.27627432
2832,0.5327002
2833,0.00022488
2834,0.24400367
2835,0.8804579
2836,0.99995005
2837,0.7679047
2838,0.86860687
2839,0.9999416
2840,0.32884508
2841,3.1498523e-12
2842,0.05844734
2843,0.00017413
2844,7.3071174e-06
2845,0.00475933
2846,0.9999999
2847,0.04240539
2848,0.00129179
2849,0.2730869
2850,0.12320551
2851,0.01257628
2852,0.00558851
2853,0.0001102
2854,0.99386096
2855,0.9982749
2856,0.01826115
2857,0.9991049
2858,0.12647516
2859,0.7931354
2860,1.6343412e-05
2861,0.9947094
2862,0.9982211
2863,0.91053325
2864,0.88931876
2865,0.9899795
2866,0.48335552
2867,1.0
2868,0.96666974
2869,0.00737206
2870,0.99999774
2871,0.39384416
2872,7.495056e-07
2873,0.9981993
2874,0.0001384
2875,0.9516771
2876,8.211707e-14
2877,3.5194617e-08
2878,4.5526377e-08
2879,0.89415336
2880,0.99776816
2881,7.683042e-06
2882,1.0
2883,0.9936098
2884,0.9548476
2885,0.9997948
2886,0.99677247
2887,0.09524145
2888,0.8953998
2889,0.5943192
2890,0.9999976
2891,0.9995907
2892,7.130942e-15
2893,6.795006e-06
2894,1.6961069e-06
2895,3.0706868e-10
2896,0.02973718
2897,0.9992747
2898,0.63900125
2899,1.4130562e-06
2900,0.2714425
2901,0.5323167
2902,0.99293524
2903,0.00098261
2904,6.7663575e-05
2905,0.26114827
2906,9.3746254e-05
2907,0.9983773
2908,0.9971306
2909,1.0
2910,1.0
2911,0.00072781
2912,0.01292819
2913,0.47740602
2914,0.00059707
2915,1.8456452e-08
2916,0.9993728
2917,1.0
2918,0.9523812
2919,0.8850834
2920,0.7594007
2921,0.00023411
2922,0.9940339
2923,0.4102702
2924,5.0445546e-05
2925,0.99143195
2926,0.01218384
2927,0.9999963
2928,1.0
2929,0.9998884
2930,0.46639478
2931,0.990867
2932,0.999998
2933,0.99899906
2934,0.23321559
2935,1.0
2936,1.0
2937,0.00986397
2938,1.0
2939,4.117553e-10
2940,4.8493687e-10
2941,0.99942565
2942,1.0
2943,0.21611194
2944,0.2427144
2945,4.5274035e-08
2946,0.9456816
2947,0.13110988
2948,0.9790597
2949,2.1188118e-05
2950,0.00018219
2951,0.99999225
2952,0.98491144
2953,4.8682166e-05
2954,0.9998497
2955,0.0001529
2956,0.99999714
2957,6.632047e-13
2958,1.8096253e-09
2959,0.03972942
2960,9.167295e-05
2961,0.3966305
2962,0.00651804
2963,0.9999516
2964,0.99962807
2965,0.0729339
2966,0.02355511
2967,0.99999917
2968,0.40967497
2969,0.9999999
2970,0.00110711
2971,0.01852894
2972,9.981791e-06
2973,0.13215546
2974,0.01344617
2975,0.97130954
2976,0.00251939
2977,0.00757939
2978,4.8742648e-05
2979,0.95854795
2980,0.5270809
2981,0.9999248
2982,0.9891432
2983,0.4852294
2984,0.9905449
2985,0.9998976
2986,0.00011104
2987,8.656056e-06
2988,0.5775946
2989,0.9957469
2990,0.09177755
2991,0.8302294
2992,0.22545318
2993,0.0060558
2994,0.98878396
2995,0.9545618
2996,0.99981135
2997,0.9999809
2998,1.3171252e-08
2999,1.1537423e-08
3000,2.2997533e-07
3001,0.99999976
3002,1.4712089e-05
3003,0.988889
3004,0.08035649
3005,5.4214433e-09
3006,0.9999999
3007,0.4627794
3008,0.9998398
3009,1.4298429e-08
3010,0.0084267
3011,4.4682677e-13
3012,0.9669067
3013,0.9977933
3014,1.0
3015,0.09389067
3016,1.0
3017,0.9998605
3018,0.99215174
3019,0.99886453
3020,0.86279404
3021,1.0
3022,0.4008921
3023,0.9054012
3024,7.271934e-05
3025,8.948304e-05
3026,0.00186276
3027,1.0
3028,8.6835425e-05
3029,0.99992335
3030,4.655214e-09
3031,0.9574914
3032,0.00029473
3033,0.7894707
3034,0.37910205
3035,0.9999268
3036,0.00173675
3037,0.0019952
3038,0.00140136
3039,0.9999989
3040,0.00109908
3041,0.00027596
3042,0.9999889
3043,0.99905246
3044,0.99999475
3045,0.19493416
3046,0.4870536
3047,1.0
3048,0.9971751
3049,0.95642275
3050,0.96333396
3051,0.9999994
3052,0.0129834
3053,1.0
3054,0.9921576
3055,0.9997607
3056,0.60328376
3057,0.87738603
3058,2.8109714e-06
3059,0.00458671
3060,0.09658397
3061,0.53464794
3062,1.0
3063,1.0
3064,0.9994204
3065,0.97575444
3066,0.14103281
3067,0.0001807
3068,2.1918358e-07
3069,3.6520305e-06
3070,0.03240238
3071,2.0283576e-06
3072,0.99337703
3073,0.06913639
3074,0.9924076
3075,0.00615552
3076,0.9999914
3077,1.0
3078,0.99998677
3079,0.00040097
3080,1.0
3081,3.5532594e-05
3082,0.06245261
3083,0.9452531
3084,1.2197569e-09
3085,8.5998195e-11
3086,0.09774069
3087,0.00958308
3088,0.54615325
3089,0.99999845
3090,0.978905
3091,0.9944899
3092,0.9999995
3093,1.9591975e-07
3094,0.9999995
3095,0.99999964
3096,0.00310429
3097,0.00059544
3098,0.00623425
3099,0.8262548
3100,0.9804524
3101,0.97903836
3102,0.86621267
3103,0.9996891
3104,0.9361781
3105,0.8218994
3106,5.3678075e-08
3107,0.99919444
3108,0.55144274
3109,1.0
3110,0.982274
3111,4.4439364e-08
3112,9.472717e-06
3113,6.545077e-07
3114,0.01037611
3115,1.0343121e-16
3116,7.921333e-06
3117,0.99999917
3118,0.6951016
3119,0.9999995
3120,1.0
3121,0.08666968
3122,0.30397463
3123,0.00377229
3124,0.609643
3125,9.120827e-10
3126,0.940353
3127,2.4684336e-06
3128,5.3476565e-08
3129,0.51501226
3130,0.91827494
3131,0.99885774
3132,0.99864906
3133,0.13003859
3134,0.20496278
3135,0.99912196
3136,0.49496925
3137,1.9730796e-06
3138,0.03893808
3139,0.8052169
3140,0.0002884
3141,0.99730957
3142,0.00598961
3143,0.9999999
3144,0.0269923
3145,3.71451e-05
3146,0.20289779
3147,0.25553435
3148,0.9998122
3149,0.99966776
3150,0.63556004
3151,0.00131658
3152,0.00012375
3153,0.00716056
3154,2.8911622e-06
3155,0.99944097
3156,0.99908423
3157,0.94046444
3158,0.2944878
3159,8.425312e-12
3160,1.0
3161,0.6140173
3162,0.9756575
3163,4.5870765e-06
3164,0.01481233
3165,0.22165866
3166,0.04729677
3167,0.9999908
3168,0.9954006
3169,0.00019254
3170,1.7447664e-07
3171,1.0
3172,0.99912137
3173,0.01843739
3174,0.0471012
3175,0.40431008
3176,1.4762296e-06
3177,0.9999845
3178,0.8357072
3179,0.99995327
3180,0.8449959
3181,0.00015087
3182,9.0664074e-08
3183,0.9999738
3184,0.35989442
3185,0.5825067
3186,0.00515769
3187,0.00128991
3188,1.0925845e-09
3189,1.2581316e-05
3190,8.2967995e-07
3191,0.07606351
3192,0.00069996
3193,1.3558052e-08
3194,7.829663e-13
3195,1.0
3196,0.8584888
3197,0.9999999
3198,0.00254
3199,0.00414322
3200,5.93484e-11
3201,0.9901087
3202,0.01508405
3203,0.9999999
3204,5.5708642e-06
3205,0.13071692
3206,0.000911
3207,0.7569085
3208,0.9991316
3209,0.31051534
3210,0.00077954
3211,1.0
3212,1.706994e-07
3213,0.9999683
3214,0.99999917
3215,0.99997723
3216,0.9534063
3217,0.00331449
3218,0.00051846
3219,1.0
3220,0.9999964
3221,0.98728985
3222,4.3308555e-11
3223,5.8596514e-05
3224,0.2923239
3225,0.2982463
3226,0.99931145
3227,0.00034477
3228,0.63079536
3229,0.3007886
3230,0.40907595
3231,1.8053134e-08
3232,0.05031803
3233,0.02662081
3234,0.09813269
3235,0.96335477
3236,0.3177531
3237,0.12223278
3238,0.93979025
3239,0.0824411
3240,1.7832573e-07
3241,0.07438827
3242,0.00100139
3243,1.8525102e-10
3244,0.99999976
3245,4.3401575e-05
3246,0.9999646
3247,0.80101967
3248,0.54350007
3249,0.99964416
3250,0.97570133
3251,0.99946314
3252,0.9911362
3253,1.7895816e-07
3254,0.8059063
3255,2.044206e-08
3256,7.901762e-06
3257,0.00164617
3258,0.99986255
3259,0.99613696
3260,0.2956747
3261,0.01428963
3262,0.12238665
3263,1.0
3264,0.18005304
3265,0.40543562
3266,0.9979316
3267,0.9999962
3268,0.9999999
3269,0.9899413
3270,0.42574418
3271,1.0
3272,1.0
3273,0.00024745
3274,0.03501894
3275,0.93184155
3276,0.44929823
3277,0.16441576
3278,0.99993706
3279,0.98808134
3280,0.9999995
3281,0.9999057
3282,0.9999951
3283,2.3477496e-05
3284,8.4972635e-07
3285,0.00486569
3286,0.99780804
3287,0.00644229
3288,0.02114125
3289,0.00422465
3290,1.0
3291,0.99986017
3292,0.99999905
3293,1.0
3294,0.27424383
3295,0.93485916
3296,3.8377223e-07
3297,0.00998987
3298,2.399207e-07
3299,0.9602695
3300,0.99920243
3301,0.53533643
3302,0.00703859
3303,0.01589671
3304,5.443031e-11
3305,0.9998784
3306,1.0153174e-06
3307,1.1292706e-05
3308,1.04428e-05
3309,0.9999502
3310,0.7847664
3311,0.00022194
3312,0.9979254
3313,0.99846494
3314,0.00038229
3315,1.0
3316,0.00854612
3317,0.37760988
3318,0.9984627
3319,0.03290357
3320,0.9999813
3321,0.92028487
3322,0.0159661
3323,0.26518193
3324,0.10370174
3325,9.033343e-05
3326,0.9986625
3327,0.9919721
3328,0.35042432
3329,0.0006214
3330,0.00058784
3331,0.54204935
3332,0.0002078
3333,0.99982363
3334,0.9922483
3335,2.684899e-07
3336,0.99450797
3337,0.51014614
3338,0.0094326
3339,9.768959e-05
3340,0.94904965
3341,0.55021983
3342,0.999977
3343,0.9999999
3344,1.7805996e-11
3345,0.08552974
3346,1.0
3347,1.0
3348,0.97323555
3349,0.9348057
3350,0.0168585
3351,0.00425906
3352,0.9447549
3353,0.0041082
3354,0.00727806
3355,0.9773523
3356,0.99390805
3357,1.0758204e-12
3358,0.87416995
3359,6.542059e-06
3360,1.2241021e-07
3361,0.9999155
3362,0.82871765
3363,0.00836699
3364,0.99998474
3365,0.19052689
3366,6.303883e-06
3367,0.85524464
3368,0.8942523
3369,0.999997
3370,0.67284757
3371,0.01340119
3372,0.9946315
3373,1.7339835e-10
3374,0.0020184
3375,0.05527493
3376,1.2989548e-06
3377,0.17814924
3378,0.99942076
3379,0.999997
3380,0.99986935
3381,0.99925214
3382,0.01171296
3383,0.99983084
3384,0.00492231
3385,0.76517755
3386,5.0607105e-09
3387,0.9980393
3388,0.219885
3389,0.03911312
3390,0.8941366
3391,0.48695588
3392,2.834326e-06
3393,0.4255745
3394,0.40214446
3395,0.9685093
3396,1.5531465e-05
3397,7.648615e-08
3398,0.9998839
3399,0.9635899
3400,0.9204351
3401,0.6073104
3402,8.278619e-06
3403,0.00018343
3404,0.9999993
3405,0.99043965
3406,0.01915245
3407,0.05986526
3408,2.4871292e-06
3409,0.06245866
3410,0.8633963
3411,1.5300056e-05
3412,0.994732
3413,1.3837906e-06
3414,0.00451271
3415,2.1270331e-08
3416,1.5787018e-05
3417,0.055027
3418,0.92293686
3419,0.00049944
3420,0.890936
3421,1.647753e-06
3422,0.7813042
3423,0.99912006
3424,0.99999917
3425,3.1210286e-07
3426,0.22424197
3427,0.9979431
3428,0.02827046
3429,1.0
3430,0.5709282
3431,0.00089909
3432,0.9998863
3433,0.999874
3434,0.68237776
3435,0.9582956
3436,0.97516704
3437,0.20191145
3438,0.99425346
3439,0.00125308
3440,0.0031472
3441,0.24267666
3442,0.02425219
3443,0.99999833
3444,0.01639769
3445,0.6405884
3446,0.95821077
3447,0.99999976
3448,0.1646767
3449,0.0059118
3450,0.06530952
3451,0.04092739
3452,0.77228105
3453,0.1808005
3454,0.00200336
3455,0.00128283
3456,0.9999981
3457,0.8973793
3458,0.9692244
3459,0.44923154
3460,0.97763526
3461,0.8762531
3462,0.99884087
3463,1.0
3464,1.294049e-05
3465,0.97996867
3466,0.33306506
3467,3.863513e-09
3468,0.9999751
3469,0.99920183
3470,0.99827325
3471,0.9999999
3472,0.9994905
3473,0.00186493
3474,0.9278913
3475,1.0
3476,0.99994767
3477,0.9999305
3478,0.00228908
3479,0.1492891
3480,6.033104e-06
3481,0.96567464
3482,0.01554123
3483,0.00380675
3484,0.00183308
3485,0.9740848
3486,9.115763e-06
3487,1.4566486e-08
3488,0.0008595
3489,0.8912113
3490,0.9997656
3491,1.0
3492,0.17887457
3493,0.9271401
3494,0.9999856
3495,0.99985445
3496,0.00492018
3497,0.03785273
3498,0.99241453
3499,0.9999976
3500,0.99999964
3501,0.99565566
3502,1.1487449e-11
3503,0.4892137
3504,0.9999975
3505,0.00014066
3506,7.001487e-06
3507,0.15491138
3508,0.24918684
3509,0.00249812
3510,1.0
3511,1.8730343e-07
3512,1.0
3513,0.8974217
3514,0.02486933
3515,0.0001291
3516,0.00302016
3517,0.99810433
3518,2.2899583e-06
3519,0.7214927
3520,0.00031591
3521,0.97678566
3522,0.04019065
3523,0.99810636
3524,0.99996233
3525,4.3975557e-05
3526,0.32383642
3527,4.1102677e-08
3528,0.99999917
3529,0.9643467
3530,0.2302733
3531,0.9999733
3532,0.75831693
3533,0.5524285
3534,1.538219e-05
3535,5.946913e-05
3536,0.77843297
3537,0.62831277
3538,0.7879473
3539,0.9998325
3540,0.9560868
3541,0.00398015
3542,0.9999918
3543,0.81884664
3544,6.0958644e-13
3545,3.649357e-05
3546,1.5506854e-05
3547,0.96795404
3548,0.00474781
3549,1.8049911e-14
3550,0.9988695
3551,0.00176203
3552,0.03988737
3553,0.08198612
3554,0.9233445
3555,0.00666485
3556,0.06266768
3557,3.7356964e-05
3558,0.9999958
3559,0.2463091
3560,1.5256517e-09
3561,0.81366706
3562,1.5162735e-08
3563,0.6694351
3564,0.9326444
3565,5.993644e-10
3566,1.0
3567,0.12987785
3568,0.81021595
3569,0.23407522
3570,0.00062762
3571,0.99791795
3572,0.00037445
3573,0.02544111
3574,0.99600226
3575,0.999997
3576,0.0636549
3577,0.8221215
3578,0.53463084
3579,0.9998061
3580,0.00043347
3581,5.3865785e-15
3582,0.12006052
3583,4.65456e-07
3584,0.9999999
3585,5.0053035e-08
3586,0.00030384
3587,0.34288222
3588,0.4807481
3589,0.00026715
3590,0.9999999
3591,0.0001973
3592,0.00174319
3593,0.99999726
3594,0.99985313
3595,0.99999857
3596,0.00016867
3597,0.13879214
3598,0.9999999
3599,0.03028296
3600,0.99999976
3601,0.22470154
3602,0.99909115
3603,0.00186309
3604,0.82519907
3605,0.6472157
3606,0.9999565
3607,0.97409904
3608,0.9957404
3609,0.99951804
3610,3.2033784e-06
3611,0.26872867
3612,0.09754485
3613,0.99859756
3614,0.00338179
3615,0.9857605
3616,6.784684e-07
3617,0.19486648
3618,0.8116536
3619,0.64013165
3620,2.0597717e-15
3621,0.05231428
3622,1.9908931e-15
3623,3.5069792e-07
3624,0.9999902
3625,0.99869746
3626,1.0
3627,0.99865913
3628,0.14115627
3629,1.4430426e-05
3630,0.2538617
3631,9.609018e-13
3632,1.7078672e-05
3633,7.365988e-09
3634,0.989002
3635,0.87254304
3636,1.4857584e-05
3637,0.01739734
3638,0.04713993
3639,0.9755586
3640,0.9830452
3641,0.84655625
3642,6.674452e-05
3643,0.99998665
3644,0.81457007
3645,0.01276835
3646,0.9999982
3647,0.01457043
3648,0.9999999
3649,0.00068722
3650,0.00443085
3651,0.02819897
3652,0.9999454
3653,0.00099084
3654,0.894139
3655,0.07790741
3656,0.9999999
3657,1.860483e-05
3658,2.0895904e-07
3659,0.86747354
3660,0.01939496
3661,0.6874691
3662,1.3214326e-06
3663,0.8955506
3664,0.14988835
3665,0.99599314
3666,0.10956603
3667,0.29956487
3668,0.88490236
3669,0.00420573
3670,0.9999999
3671,0.09059082
3672,0.08445425
3673,0.9841001
3674,0.10000656
3675,0.99682707
3676,0.00035228
3677,1.0
3678,0.9426497
3679,0.00558294
3680,3.4959554e-05
3681,1.0
3682,0.3058611
3683,2.3828832e-06
3684,3.840561e-09
3685,2.5545535e-08
3686,0.90944225
3687,2.659667e-06
3688,0.93737715
3689,0.9997956
3690,0.04254553
3691,0.9999584
3692,6.818199e-08
3693,3.112981e-05
3694,0.84464324
3695,0.00199426
3696,0.9987557
3697,0.9993606
3698,0.8510652
3699,4.2646593e-09
3700,0.35842276
3701,1.0
3702,0.99999225
3703,0.95508707
3704,0.42178795
3705,0.92428607
3706,0.00055165
3707,0.01424401
3708,1.0
3709,0.9874477
3710,0.9628051
3711,2.5192584e-13
3712,0.02272346
3713,0.9999714
3714,0.14122465
3715,0.00015875
3716,0.00057211
3717,1.0
3718,0.6756801
3719,0.9999219
3720,0.01619894
3721,0.1592823
3722,0.9999999
3723,8.665587e-06
3724,0.12376961
3725,3.5732195e-05
3726,3.0183155e-05
3727,0.9990281
3728,0.84742934
3729,0.9958664
3730,1.7720493e-05
3731,0.00042702
3732,0.9981602
3733,1.2513994e-05
3734,7.489907e-06
3735,0.00030164
3736,0.99823713
3737,0.9999858
3738,1.0
3739,2.0355587e-06
3740,0.9999621
3741,0.02801288
3742,0.99845207
3743,0.00987037
3744,0.00071118
3745,1.4803159e-08
3746,0.99997747
3747,0.60070497
3748,0.09640579
3749,0.9999999
3750,0.9867481
3751,0.00095599
3752,0.9998958
3753,0.9262967
3754,0.9999968
3755,0.0071543
3756,1.1592917e-07
3757,0.34836876
3758,0.00019557
3759,0.97766626
3760,0.99990726
3761,0.84465265
3762,0.60757047
3763,4.376825e-05
3764,0.9989794
3765,1.0
3766,0.9262194
3767,0.9999683
3768,0.9992467
3769,0.4213684
3770,0.00167749
3771,1.0
3772,1.0
3773,0.02954342
3774,0.9999999
3775,0.9996171
3776,7.421465e-13
3777,0.00038014
3778,0.3487377
3779,0.87767565
3780,0.9882825
3781,2.9231449e-05
3782,0.4474795
3783,0.02656938
3784,0.01390387
3785,9.019077e-06
3786,0.9999989
3787,0.999383
3788,0.9360684
3789,0.9990128
3790,0.9998673
3791,0.45365652
3792,0.9999206
3793,0.00016633
3794,4.3504429e-07
3795,0.6625206
3796,0.99995697
3797,0.00108779
3798,0.00891052
3799,0.9043245
3800,0.00131578
3801,9.640081e-05
3802,1.0
3803,0.9999616
3804,0.05649283
3805,0.97073114
3806,0.00154088
3807,0.99855
3808,0.00923914
3809,1.1616999e-07
3810,0.19340567
3811,1.0
3812,0.9999099
3813,0.9906488
3814,0.9999999
3815,0.99971014
3816,0.8485435
3817,0.99975306
3818,0.99992454
3819,0.99998987
3820,0.9999999
3821,0.9914402
3822,0.99171585
3823,9.838816e-06
3824,0.07790273
3825,1.4363402e-12
3826,0.99999714
3827,0.9999931
3828,0.92804754
3829,0.02503054
3830,0.9678591
3831,0.99999654
3832,0.00242442
3833,0.9724745
3834,0.13584512
3835,0.99876404
3836,0.10046018
3837,0.0026116
3838,0.9987238
3839,0.53796315
3840,6.9989715e-06
3841,0.00181778
3842,3.6801843e-08
3843,9.902202e-11
3844,0.99829954
3845,0.27197248
3846,1.0
3847,0.9999753
3848,0.94640476
3849,0.47522473
3850,0.15134184
3851,2.305281e-06
3852,0.02335496
3853,1.9591578e-06
3854,0.999998
3855,0.99980265
3856,0.01926757
3857,0.96079236
3858,0.99999917
3859,1.378921e-05
3860,0.28656334
3861,0.9605702
3862,0.8361594
3863,8.858141e-06
3864,0.00134822
3865,0.9904591
3866,0.4198064
3867,0.99999
3868,9.771361e-06
3869,0.00011097
3870,0.9988285
3871,1.5248517e-06
3872,0.99985623
3873,0.820135
3874,0.99997866
3875,2.0899615e-09
3876,5.1107905e-05
3877,0.92417854
3878,0.99827564
3879,1.4274284e-05
3880,0.12787363
3881,9.266831e-05
3882,0.98717576
3883,0.9523758
3884,0.15277731
3885,0.4208887
3886,0.48112264
3887,0.00045376
3888,0.98595816
3889,0.9938053
3890,0.4202055
3891,0.92237425
3892,0.00274886
3893,0.0364942
3894,0.999826
3895,1.5258453e-05
3896,0.9894357
3897,1.3659037e-05
3898,0.6371552
3899,1.9743409e-08
3900,2.512503e-12
3901,0.9997081
3902,0.00693203
3903,0.0024866
3904,1.0
3905,7.597087e-05
3906,0.72659904
3907,0.22474112
3908,1.6161822e-18
3909,0.99998
3910,0.99999833
3911,0.45951164
3912,1.3008361e-09
3913,7.794057e-12
3914,0.99674904
3915,1.0
3916,0.99922657
3917,0.0343816
3918,0.99999666
3919,0.88421327
3920,1.6575864e-06
3921,0.7809945
3922,0.9999999
3923,0.9237078
3924,0.74888575
3925,0.06950323
3926,0.9820302
3927,5.1000484e-06
3928,0.15283683
3929,0.99997616
3930,0.4975767
3931,1.0
3932,7.5466015e-11
3933,0.06756573
3934,0.99910897
3935,0.9999677
3936,0.9916577
3937,0.6541596
3938,0.09392842
3939,2.9722166e-11
3940,0.04770778
3941,0.99995327
3942,0.98089993
3943,1.8299033e-06
3944,5.683925e-05
3945,0.39259768
3946,0.00139526
3947,0.91066825
3948,0.00051273
3949,0.4401559
3950,0.16521169
3951,0.9930735
3952,0.99579096
3953,7.1730016e-10
3954,0.27538553
3955,0.00015232
3956,0.00073915
3957,0.99999964
3958,0.0226364
3959,5.4507136e-06
3960,0.99997234
3961,0.978251
3962,0.20609944
3963,1.0
3964,0.99057406
3965,1.0
3966,0.9999753
3967,0.99995303
3968,0.9999244
3969,0.9551538
3970,0.99999976
3971,0.36592907
3972,2.512883e-06
3973,0.99999917
3974,0.00025945
3975,0.97330135
3976,1.229741e-09
3977,0.87108874
3978,0.99999964
3979,3.3092492e-06
3980,0.10076189
3981,0.5751856
3982,0.00536635
3983,0.9999826
3984,0.9999908
3985,0.99203366
3986,0.9993611
3987,0.99841785
3988,0.00014216
3989,0.99998796
3990,0.9999999
3991,0.38996235
3992,0.9999678
3993,4.6442633e-08
3994,0.5925357
3995,0.9981165
3996,0.12449795
3997,0.23262344
3998,0.04766458
3999,0.38257104
4000,0.988669
4001,0.95029366
4002,0.9999999
4003,0.12047908
4004,0.99067336
4005,0.8315249
4006,0.01107058
4007,0.99995494
4008,0.04441805
4009,2.6433594e-07
4010,0.19327302
4011,1.9068306e-16
4012,0.95854425
4013,0.00605808
4014,3.2850733e-10
4015,0.48190504
4016,0.50207686
4017,0.96177775
4018,0.29729602
4019,0.4587391
4020,0.97873724
4021,0.23478639
4022,0.00069359
4023,6.9996865e-08
4024,0.03671013
4025,0.00267265
4026,8.0305846e-08
4027,0.372384
4028,0.00392409
4029,0.9756806
4030,0.02782585
4031,0.00016955
4032,0.00205431
4033,0.47315723
4034,2.4316488e-10
4035,1.1922133e-08
4036,2.9134044e-06
4037,1.3590315e-07
4038,8.119434e-05
4039,0.97741747
4040,1.0
4041,0.01541738
4042,0.01024993
4043,0.96358603
4044,0.8512836
4045,0.0168217
4046,0.991746
4047,0.9999316
4048,0.7077389
4049,0.99767846
4050,0.9751821
4051,0.17950888
4052,0.0245375
4053,0.8301377
4054,1.0
4055,0.9972614
4056,0.46860597
4057,0.833836
4058,0.8453005
4059,0.00586888
4060,5.497838e-08
4061,5.3503618e-11
4062,2.6373204e-05
4063,1.8520177e-05
4064,2.5288452e-08
4065,6.6371e-05
4066,0.9987459
4067,1.0
4068,1.5858623e-11
4069,0.9996076
4070,0.00627685
4071,6.3755383e-06
4072,0.98579305
4073,0.91071534
4074,0.9426152
4075,0.9999999
4076,0.01158989
4077,0.00018427
4078,5.337942e-09
4079,0.5085372
4080,1.0
4081,1.0
4082,0.00377822
4083,0.96357906
4084,0.00805909
4085,0.00643575
4086,0.83770895
4087,0.9855562
4088,0.11365756
4089,0.9999999
4090,0.00571272
4091,0.9615933
4092,5.2666416e-10
4093,0.87498116
4094,0.9930177
4095,0.9962192
4096,0.02809173
4097,2.2997468e-13
4098,1.2760659e-08
4099,0.00447089
4100,0.9999764
4101,3.0232213e-05
4102,0.9567472
4103,0.20037259
4104,0.46946505
4105,0.49662718
4106,0.49452484
4107,0.10440631
4108,0.9974885
4109,0.00949669
4110,1.038474e-07
4111,0.9989685
4112,0.99998796
4113,0.9605271
4114,1.391621e-07
4115,0.3975499
4116,0.07046472
4117,0.9989073
4118,0.00305466
4119,0.4708184
4120,0.0069389
4121,7.131726e-06
4122,0.73140526
4123,0.9999676
4124,0.9998447
4125,6.564132e-06
4126,0.00044046
4127,0.28764728
4128,5.561787e-06
4129,1.0
4130,0.01439533
4131,0.95616305
4132,0.00044469
4133,0.00046625
4134,0.8257823
4135,0.99979514
4136,0.1107417
4137,0.11931424
4138,7.9994964e-14
4139,0.99999976
4140,0.00080199
4141,0.9671492
4142,0.47339442
4143,0.99960774
4144,0.99029154
4145,0.01923793
4146,1.7415495e-06
4147,0.9172857
4148,0.0060493
4149,0.9957781
4150,0.20931731
4151,0.0004508
4152,0.9999994
4153,0.99782276
4154,2.3470226e-07
4155,3.853585e-09
4156,0.4977828
4157,0.99999976
4158,1.0
4159,0.00151114
4160,0.00204147
4161,0.9999956
4162,0.9999974
4163,1.6057047e-05
4164,0.4983857
4165,0.04927017
4166,1.0
4167,0.99997866
4168,0.9969631
4169,4.66742e-06
4170,5.503997e-07
4171,0.99682885
4172,0.00044638
4173,0.01124106
4174,0.9994759
4175,0.9951924
4176,1.083918e-06
4177,0.9998023
4178,0.9999869
4179,0.99966896
4180,0.0026137
4181,1.0
4182,0.9999988
4183,0.9999989
4184,0.9998846
4185,0.970851
4186,0.999258
4187,0.99990404
4188,0.00049022
4189,0.365295
4190,0.99781334
4191,1.2066749e-06
4192,0.9999995
4193,0.956604
4194,0.00032507
4195,0.9999995
4196,0.99999464
4197,2.6456937e-05
4198,0.62107867
4199,0.9962792
4200,0.20857546
4201,0.03251503
4202,0.9868563
4203,0.4647523
4204,0.03322034
4205,0.20253392
4206,1.0
4207,0.00321744
4208,0.00540132
4209,1.0
4210,0.51623094
4211,0.94492376
4212,0.79145217
4213,0.00037337
4214,0.99865353
4215,0.9110711
4216,1.0
4217,0.01401549
4218,0.00071314
4219,0.9999968
4220,2.095221e-10
4221,3.6087192e-06
4222,0.02958727
4223,0.97062474
4224,0.9750606
4225,0.99999917
4226,0.7498562
4227,0.9997265
4228,0.5339261
4229,0.00294894
4230,0.9999994
4231,0.21128143
4232,0.3689905
4233,2.4967496e-06
4234,0.00079224
4235,0.14053644
4236,0.999946
4237,0.49922112
4238,0.00202619
4239,0.03838131
4240,0.9996511
4241,0.02507509
4242,0.9965869
4243,0.33200666
4244,0.9999995
4245,0.99991274
4246,1.0
4247,0.2314107
4248,0.00043221
4249,1.7400023e-07
4250,2.7290564e-11
4251,3.8916232e-06
4252,1.0
4253,0.9999981
4254,8.632749e-08
4255,0.30926058
4256,0.99999976
4257,2.0806827e-05
4258,4.8850313e-07
4259,0.9999975
4260,3.523742e-06
4261,0.00169142
4262,0.00035007
4263,0.00692598
4264,0.9996196
4265,0.9997521
4266,1.0
4267,0.9999919
4268,0.71912766
4269,4.6341506e-06
4270,0.9080001
4271,0.9999585
4272,0.98476493
4273,5.7119596e-06
4274,0.02604963
4275,4.226532e-06
4276,0.06934255
4277,0.00510455
4278,0.0001369
4279,0.01154186
4280,0.98998296
4281,0.99994826
4282,0.9999232
4283,0.9983883
4284,4.757565e-08
4285,1.0
4286,0.9998909
4287,0.9899227
4288,0.9997009
4289,4.3708354e-05
4290,0.10395471
4291,5.0749314e-08
4292,0.01143646
4293,1.7161781e-08
4294,1.819542e-12
4295,0.9999995
4296,4.156527e-09
4297,0.3880677
4298,0.00741048
4299,0.17822827
4300,2.2938766e-09
4301,0.59551203
4302,0.51812524
4303,1.0
4304,0.3209547
4305,4.5486804e-06
4306,0.9104813
4307,1.0
4308,0.99990344
4309,1.0
4310,0.00065557
4311,0.9773605
4312,0.96340984
4313,1.0
4314,0.00215506
4315,0.00838239
4316,0.9999572
4317,0.5302914
4318,0.01310076
4319,9.908224e-08
4320,1.0
4321,0.86400455
4322,0.74478066
4323,1.0
4324,0.42043275
4325,2.3520925e-05
4326,0.95308584
4327,0.2511611
4328,0.9923145
4329,0.7053733
4330,0.9999994
4331,0.995494
4332,0.33395144
4333,1.0
4334,0.63237643
4335,0.87702596
4336,0.4457424
4337,7.0078483e-12
4338,0.30807644
4339,1.372519e-09
4340,0.4493805
4341,8.0156686e-05
4342,1.9523759e-10
4343,0.00305225
4344,0.99999976
4345,0.98913735
4346,0.74248666
4347,0.77306336
4348,0.9999987
4349,0.99999595
4350,0.7081999
4351,6.0415337e-06
4352,3.3300425e-09
4353,1.0
4354,7.895239e-05
4355,8.639302e-07
4356,1.0
4357,0.03671845
4358,0.00035537
4359,0.00125589
4360,0.68189347
4361,0.22602756
4362,0.00405221
4363,6.0898878e-05
4364,0.02873833
4365,7.713603e-05
4366,1.30085555e-05
4367,0.97828114
4368,0.07991489
4369,1.0
4370,0.945384
4371,0.99891317
4372,0.9963043
4373,0.99999976
4374,0.9686138
4375,0.9938473
4376,0.90648454
4377,0.40617102
4378,2.4012426e-05
4379,0.00656366
4380,0.9097182
4381,0.76699173
4382,0.21517095
4383,0.9999318
4384,0.9843098
4385,1.0
4386,0.08987589
4387,2.2903292e-05
4388,0.09386005
4389,0.5812528
4390,0.00520205
4391,0.9999654
4392,0.00373534
4393,0.8660957
4394,0.99993217
4395,2.9227465e-05
4396,1.0
4397,0.00116702
4398,0.998845
4399,0.00134883
4400,4.7850165e-07
4401,0.04358984
4402,1.0
4403,0.999681
4404,0.97092587
4405,3.9531333e-06
4406,1.0
4407,3.484611e-10
4408,0.4920731
4409,0.11015641
4410,0.99999976
4411,4.558307e-07
4412,0.00018375
4413,0.99222565
4414,2.0041678e-05
4415,7.873891e-06
4416,0.00393838
4417,1.7629993e-06
4418,0.8767868
4419,0.99999917
4420,1.0
4421,0.9038073
4422,0.00107161
4423,0.29436213
4424,0.0093715
4425,0.06284394
4426,0.9934123
4427,1.0
4428,0.788718
4429,0.18236679
4430,0.9999994
4431,0.98360044
4432,0.9999962
4433,0.99913424
4434,0.00751525
4435,8.1278273e-10
4436,0.994399
4437,0.00013435
4438,0.93631417
4439,0.98058766
4440,0.2411141
4441,3.690384e-05
4442,0.00418558
4443,1.346383e-06
4444,1.9000665e-09
4445,0.9868841
4446,1.0
4447,0.00067163
4448,0.00015498
4449,0.2716857
4450,2.9128489e-05
4451,0.9826812
4452,0.12533197
4453,0.28790224
4454,0.56816244
4455,1.711377e-07
4456,1.5496327e-05
4457,0.00181993
4458,0.9988532
4459,0.9994438
4460,0.99687344
4461,0.92774725
4462,0.9999782
4463,0.46937343
4464,0.96822304
4465,2.1535738e-05
4466,0.01970311
4467,0.8542074
4468,1.0
4469,0.9966709
4470,0.8128831
4471,0.00906494
4472,0.9905036
4473,5.536455e-09
4474,0.9999566
4475,0.98930573
4476,0.9985684
4477,0.00793917
4478,0.6518309
4479,0.42669886
4480,2.1617201e-05
4481,1.0
4482,0.00422194
4483,0.9897169
4484,0.00163237
4485,0.9999943
4486,0.08049153
4487,0.16213733
4488,1.0
4489,0.9999893
4490,0.53968877
4491,8.474173e-09
4492,0.99999213
4493,0.9998926
4494,0.9973149
4495,0.9999789
4496,0.92337835
4497,0.9999933
4498,0.0009403
4499,0.0001098
4500,0.00056468
4501,1.5956414e-07
4502,1.3518058e-05
4503,0.9999987
4504,0.991846
4505,0.00255408
4506,3.7868452e-07
4507,0.00837838
4508,0.00257578
4509,0.9969036
4510,0.00452263
4511,1.4552963e-08
4512,0.97557974
4513,9.852913e-08
4514,0.9999702
4515,0.9872061
4516,0.982379
4517,0.5926052
4518,2.2864535e-05
4519,1.5766952e-06
4520,0.19410245
4521,1.0
4522,0.9914436
4523,0.94247097
4524,0.00723639
4525,0.9999993
4526,1.0
4527,0.6805708
4528,0.99993503
4529,0.90008897
4530,0.00837953
4531,0.98102725
4532,0.89423525
4533,6.145499e-06
4534,0.8260222
4535,0.00015933
4536,1.0
4537,0.04564203
4538,3.8798913e-07
4539,1.0
4540,0.778586
4541,0.00035829
4542,0.00012809
4543,0.00040869
4544,0.01402988
4545,0.25607306
4546,0.88985944
4547,1.2994958e-07
4548,0.10879856
4549,7.660873e-06
4550,0.9968111
4551,0.19972834
4552,0.00021015
4553,0.02041594
4554,0.04214182
4555,0.9819421
4556,0.9455734
4557,0.9893222
4558,0.95790523
4559,0.0002785
4560,0.98793614
4561,0.5166233
4562,1.0467315e-13
4563,0.21414247
4564,0.99960726
4565,2.2558881e-06
4566,2.122101e-06
4567,0.00293961
4568,0.0076895
4569,0.01823428
4570,0.99537945
4571,0.9838034
4572,0.00029532
4573,0.0001288
4574,0.2832536
4575,0.03443114
4576,0.42860144
4577,0.00145845
4578,0.7057739
4579,0.13932522
4580,0.9999169
4581,0.03932331
4582,4.3953897e-08
4583,0.99994695
4584,0.00019998
4585,6.8715046e-08
4586,0.02025581
4587,0.17046316
4588,0.00014617
4589,0.98410773
4590,2.4212966e-07
4591,0.9999924
4592,0.01655993
4593,1.768859e-09
4594,4.9995942e-05
4595,0.9999434
4596,0.02813228
4597,0.99982685
4598,0.9998753
4599,0.42293715
4600,3.0058459e-06
4601,0.33611837
4602,0.75029016
4603,0.9984439
4604,0.01864606
4605,2.8767234e-08
4606,6.933527e-08
4607,4.993094e-10
4608,0.99999917
4609,0.10657419
4610,0.24202612
4611,1.0
4612,0.71698767
4613,0.0994668
4614,0.99985063
4615,0.9204253
4616,0.98885214
4617,0.9518346
4618,0.9817437
4619,0.99974376
4620,0.01386878
4621,0.00313124
4622,0.8953367
4623,0.000356
4624,1.0
4625,1.3367941e-10
4626,0.89400244
4627,0.00979767
4628,0.0292958
4629,0.98886055
4630,0.9999522
4631,0.07512372
4632,0.00055123
4633,0.5263265
4634,0.05593437
4635,0.00183029
4636,0.41671902
4637,0.9997557
4638,0.1844739
4639,0.9999827
4640,0.00729961
4641,0.18259723
4642,0.02897304
4643,0.9321966
4644,7.7420793e-07
4645,0.00047612
4646,0.7270679
4647,3.2447733e-08
4648,1.8930205e-08
4649,0.9982071
4650,0.24908918
4651,0.43668067
4652,0.9996136
4653,0.00016222
4654,0.9999167
4655,1.2892053e-12
4656,0.40248644
4657,0.05364224
4658,0.8993812
4659,0.9997862
4660,0.36381376
4661,0.67227215
4662,0.05880952
4663,1.2572374e-10
4664,0.9995437
4665,0.99995244
4666,0.01647835
4667,0.8432939
4668,7.707744e-06
4669,0.6535887
4670,0.9999995
4671,2.1421505e-07
4672,0.7864448
4673,0.00192391
4674,3.456895e-05
4675,0.0162499
4676,2.942489e-06
4677,0.81632185
4678,0.32920438
4679,0.9797957
4680,0.99369097
4681,0.00157051
4682,0.00272036
4683,1.0
4684,0.30799097
4685,0.07271408
4686,0.01663421
4687,0.03132516
4688,0.5200832
4689,0.00039979
4690,0.00046251
4691,2.5792682e-08
4692,0.99948126
4693,0.02123892
4694,2.3870632e-07
4695,0.00335922
4696,0.00094258
4697,0.35663253
4698,0.9997876
4699,0.00083836
4700,1.0
4701,0.00023432
4702,0.78956616
4703,0.02546392
4704,0.00155203
4705,0.8749102
4706,0.99998736
4707,0.9999943
4708,0.9999956
4709,1.0472559e-11
4710,0.001654
4711,0.9719856
4712,0.999948
4713,0.9971318
4714,0.9999993
4715,1.0
4716,5.8229006e-07
4717,5.6947242e-11
4718,0.01011217
4719,0.97735536
4720,0.01678755
4721,2.5405544e-08
4722,0.00977897
4723,2.0235379e-05
4724,3.896659e-10
4725,0.05043576
4726,4.2766173e-09
4727,4.099647e-07
4728,0.99792683
4729,0.00017456
4730,1.0
4731,0.9995597
4732,3.864415e-07
4733,0.9996145
4734,0.00113781
4735,1.1974566e-09
4736,6.0635484e-06
4737,0.28055152
4738,0.99989426
4739,0.9565501
4740,0.9999932
4741,0.01466186
4742,0.9999999
4743,0.0032671
4744,0.9999994
4745,0.99998903
4746,0.99998593
4747,0.2899722
4748,0.20870918
4749,0.26764032
4750,2.9351984e-05
4751,0.99999166
4752,0.97588503
4753,1.0853538e-06
4754,0.999859
4755,1.0
4756,0.79810244
4757,0.964423
4758,0.08028504
4759,0.9758976
4760,0.8623343
4761,0.95082223
4762,2.7906244e-09
4763,1.0
4764,0.00028298
4765,0.00165342
4766,0.9926784
4767,0.10345908
4768,0.99999905
4769,0.00063331
4770,0.75387037
4771,3.070795e-08
4772,0.01691141
4773,0.21641202
4774,0.00130243
4775,7.8920026e-10
4776,0.9955961
4777,0.00014088
4778,0.00223311
4779,0.3095596
4780,0.35762158
4781,1.0
4782,1.0
4783,0.2464754
4784,0.000111
4785,4.519667e-11
4786,0.11864556
4787,0.00424737
4788,0.99907804
4789,0.13178545
4790,0.9999987
4791,0.99986553
4792,0.99723524
4793,5.1079533e-06
4794,3.8073904e-05
4795,0.5541711
4796,0.5355604
4797,0.01551268
4798,0.98229563
4799,0.99787784
4800,0.00763351
4801,0.55972457
4802,0.00014348
4803,1.0
4804,3.4562693e-06
4805,0.5882305
4806,0.99770087
4807,7.700368e-06
4808,0.9994324
4809,0.99985313
4810,0.98304397
4811,1.3593801e-13
4812,5.8617857e-06
4813,5.1938162e-11
4814,0.9957353
4815,0.9773302
4816,1.0
4817,0.17382182
4818,0.76361966
4819,0.9998331
4820,0.99999166
4821,0.9834321
4822,1.1536503e-07
4823,0.01223897
4824,0.9999989
4825,0.99999905
4826,1.0
4827,6.1988576e-05
4828,0.99984956
4829,0.34719974
4830,2.0602985e-07
4831,1.547834e-09
4832,0.051639
4833,0.23359634
4834,7.986362e-06
4835,6.5465406e-06
4836,0.00024107
4837,0.8373138
4838,0.01007265
4839,0.9994229
4840,1.1122554e-05
4841,1.5177376e-08
4842,0.99986005
4843,0.9157859
4844,0.94407666
4845,0.08557478
4846,0.05278824
4847,0.00970144
4848,5.1114214e-11
4849,1.7010171e-09
4850,0.93661356
4851,0.09886939
4852,0.99999976
4853,0.0026206
4854,0.00511452
4855,1.0
4856,0.00126869
4857,0.9999416
4858,1.0
4859,4.1150124e-06
4860,0.22431204
4861,0.02397539
4862,0.9410237
4863,1.4130891e-10
4864,0.07775941
4865,0.02281854
4866,0.508758
4867,0.01517958
4868,1.375709e-06
4869,0.99963474
4870,1.0
4871,2.4182484e-06
4872,0.5681432
4873,0.9999968
4874,0.0021433
4875,0.8798289
4876,0.9999869
4877,0.9949811
4878,0.9999999
4879,0.81684375
4880,0.02695721
4881,0.9942257
4882,0.3695135
4883,0.99153453
4884,1.0
4885,0.4644028
4886,2.2495131e-07
4887,0.06312167
4888,0.23159353
4889,0.91376704
4890,0.9675835
4891,1.4325674e-08
4892,0.77758425
4893,0.95967627
4894,1.0
4895,0.0011182
4896,0.38485226
4897,0.8020194
4898,0.00015043
4899,0.02505426
4900,0.99976736
4901,0.0040704
4902,0.8718747
4903,0.9999713
4904,0.01942209
4905,0.9412858
4906,0.01130842
4907,0.01410683
4908,0.9947856
4909,7.207203e-07
4910,6.078323e-06
4911,2.7388089e-05
4912,0.04997559
4913,2.2343515e-08
4914,0.00272305
4915,0.9942654
4916,0.90568054
4917,0.11826193
4918,0.9942273
4919,0.9936166
4920,0.9999999
4921,0.6433949
4922,1.8165555e-09
4923,0.00116421
4924,0.16037777
4925,0.12041946
4926,0.9918675
4927,0.00026318
4928,3.0691729e-06
4929,0.0191604
4930,4.837336e-08
4931,0.99999154
4932,0.9828808
4933,8.2510837e-10
4934,1.0
4935,2.2637066e-06
4936,0.00173237
4937,0.9999963
4938,0.0055417
4939,1.6395779e-10
4940,0.01997002
4941,0.9618892
4942,0.00320988
4943,0.00042307
4944,0.0263339
4945,0.9997603
4946,2.1193857e-07
4947,3.0457775e-07
4948,0.9995677
4949,0.9999999
4950,0.9132765
4951,0.472957
4952,0.0132495
4953,0.26296103
4954,0.24961163
4955,6.058999e-06
4956,4.7356834e-06
4957,1.0
4958,0.9871466
4959,0.00030733
4960,0.99299425
4961,0.90660924
4962,0.99982053
4963,0.7428314
4964,0.9996345
4965,0.9998381
4966,0.0011999
4967,0.06369995
4968,0.62704414
4969,2.9068939e-05
4970,0.9993057
4971,1.2537717e-05
4972,0.00364148
4973,0.58003205
4974,0.94397664
4975,0.00026678
4976,0.00398965
4977,0.99719197
4978,0.0137275
4979,1.7301546e-10
4980,0.9999994
4981,0.7810574
4982,0.99999976
4983,0.01643171
4984,3.5402832e-07
4985,0.0505451
4986,0.00015267
4987,0.04520338
4988,0.05363654
4989,0.99999976
4990,0.6065972
4991,0.7435979
4992,1.8597852e-14
4993,4.371225e-13
4994,3.5624947e-07
4995,0.99999905
4996,0.9999701
4997,0.97514343
4998,0.16786094
4999,0.00736252
5000,0.99369025
5001,0.9913264
5002,0.3371781
5003,0.18021831
5004,0.6340423
5005,0.0499707
5006,2.2885889e-09
5007,0.9748512
5008,0.00121643
5009,0.00033224
5010,1.8590552e-05
5011,0.9999716
5012,0.03002009
5013,0.99999964
5014,0.02127089
5015,3.0614056e-06
5016,7.8753345e-08
5017,2.3132995e-06
5018,0.94136924
5019,0.9680633
5020,0.40653992
5021,0.2086124
5022,0.00021915
5023,0.9999887
5024,0.26376846
5025,0.78754044
5026,0.9633593
5027,3.1050998e-10
5028,0.5097441
5029,3.4552279e-09
5030,1.0
5031,1.0
5032,0.31014416
5033,0.9997409
5034,0.00018339
5035,0.1022946
5036,0.7648764
5037,1.0
5038,3.2119933e-05
5039,0.697265
5040,2.2742775e-05
5041,0.999936
5042,0.88331664
5043,0.99941766
5044,0.0165634
5045,0.99890065
5046,0.24172351
5047,1.721448e-10
5048,0.00147292
5049,0.9999149
5050,0.9999565
5051,0.43728903
5052,0.00494281
5053,1.0
5054,1.11408376e-07
5055,0.07552934
5056,8.089186e-08
5057,0.99998844
5058,0.9967899
5059,0.9999999
5060,0.04678294
5061,0.9982528
5062,0.04472563
5063,0.33824286
5064,0.0001639
5065,0.12452433
5066,0.9982304
5067,0.9999925
5068,0.31954682
5069,0.9986778
5070,0.8538742
5071,0.08928579
5072,7.796563e-10
5073,0.99986637
5074,0.31560555
5075,1.0
5076,0.00023189
5077,0.98157334
5078,0.9479094
5079,0.9999107
5080,0.9827503
5081,0.9997806
5082,0.02142211
5083,0.9721494
5084,0.9804633
5085,0.99999166
5086,0.6270555
5087,0.9892769
5088,0.9999995
5089,0.9710026
5090,1.0100271e-06
5091,7.028543e-05
5092,2.8269857e-05
5093,4.5115513e-08
5094,3.7573982e-11
5095,0.9998888
5096,3.351369e-05
5097,0.9498654
5098,0.27287143
5099,0.16860117
5100,0.9997304
5101,0.00283583
5102,4.3690725e-05
5103,0.9999052
5104,0.38274455
5105,2.6880523e-12
5106,0.06664973
5107,0.06807081
5108,0.00060919
5109,0.9394054
5110,0.24180181
5111,0.9999999
5112,0.93053484
5113,1.0
5114,0.99998057
5115,3.5764206e-05
5116,0.21540575
5117,2.088295e-10
5118,1.6460332e-07
5119,0.99993515
5120,0.00035912
5121,1.5416552e-09
5122,0.9999963
5123,0.99998176
5124,0.9993424
5125,0.9451832
5126,1.0
5127,0.99995434
5128,0.99998724
5129,2.2199412e-13
5130,0.02838922
5131,1.4272717e-06
5132,0.9950081
5133,7.155531e-08
5134,0.482789
5135,0.01719388
5136,2.7196616e-11
5137,0.33079347
5138,0.7770259
5139,0.07340277
5140,0.9999999
5141,0.96039206
5142,1.4979381e-05
5143,0.84553665
5144,0.9669834
5145,0.9930206
5146,6.309951e-05
5147,0.00508889
5148,0.9952952
5149,0.9999969
5150,0.02232865
5151,7.06044e-07
5152,0.07315876
5153,0.02625653
5154,0.9175024
5155,0.8175049
5156,0.94307494
5157,0.99988306
5158,0.967319
5159,1.0
5160,0.9806774
5161,0.8519956
5162,0.04258053
5163,0.00158727
5164,3.8675596e-05
5165,0.14266087
5166,0.09575098
5167,0.68007827
5168,5.1508587e-06
5169,0.00024375
5170,0.6553774
5171,0.9785638
5172,1.0
5173,0.65544325
5174,2.0606082e-08
5175,0.01137275
5176,0.7120883
5177,0.36794603
5178,1.9131872e-09
5179,1.0
5180,1.1515062e-06
5181,0.9993086
5182,0.00347158
5183,0.86057776
5184,0.99994063
5185,2.730743e-07
5186,2.4942784e-07
5187,0.9999999
5188,0.15602346
5189,0.5218003
5190,0.02401049
5191,0.7238967
5192,0.99988246
5193,9.382741e-07
5194,0.538929
5195,0.92760825
5196,1.0
5197,0.63270384
5198,0.00582987
5199,0.44660902
5200,0.00015728
5201,0.85621595
5202,0.9989497
5203,0.45885897
5204,0.9960985
5205,5.1408424e-06
5206,1.3502206e-08
5207,0.000108
5208,1.0
5209,6.809736e-09
5210,0.14543448
5211,0.9998369
5212,0.0003186
5213,0.17767344
5214,6.525603e-05
5215,0.990694
5216,0.00228011
5217,4.4368054e-08
5218,0.10624852
5219,5.628172e-07
5220,3.2542633e-07
5221,0.00063964
5222,0.00303206
5223,0.27948567
5224,4.068243e-08
5225,0.44881484
5226,2.9620302e-05
5227,0.78505003
5228,5.443257e-07
5229,0.00086425
5230,0.9712227
5231,2.3147068e-05
5232,0.14175802
5233,0.0004696
5234,0.8049165
5235,1.0
5236,0.9981791
5237,0.99998856
5238,0.9052689
5239,0.994046
5240,0.9965534
5241,0.00391047
5242,0.9319808
5243,0.2883216
5244,0.5034072
5245,0.04108904
5246,1.0021134e-06
5247,0.99999964
5248,1.3796837e-10
5249,0.00093379
5250,0.20870586
5251,2.1337717e-06
5252,1.0794421e-08
5253,0.99951756
5254,0.99999976
5255,0.99999845
5256,0.9999975
5257,2.0232677e-05
5258,0.00026723
5259,0.00028055
5260,0.00121031
5261,0.13520592
5262,0.9898908
5263,0.00222144
5264,0.9999815
5265,0.926206
5266,1.0226308e-05
5267,0.0354648
5268,0.92024195
5269,0.78190833
5270,0.88101286
5271,0.2824654
5272,0.00032528
5273,1.657401e-08
5274,0.99994075
5275,0.9210462
5276,1.3529286e-10
5277,0.00086084
5278,0.08112762
5279,4.200221e-06
5280,3.111191e-05
5281,4.610838e-08
5282,0.99999416
5283,0.19092774
5284,1.0
5285,2.6509e-06
5286,0.99999905
5287,0.0202658
5288,0.9961248
5289,0.9898225
5290,0.9790107
5291,0.00189394
5292,0.00010585
5293,0.9999417
5294,1.0
5295,0.94022274
5296,0.9983644
5297,0.8040667
5298,0.17337659
5299,0.800366
5300,0.3939006
5301,0.9999994
5302,0.999967
5303,0.00366132
5304,0.9995316
5305,0.02095669
5306,9.823048e-14
5307,1.5665735e-05
5308,0.7718058
5309,0.9999913
5310,0.6707048
5311,0.99999857
5312,0.01908748
5313,0.9997608
5314,0.97694105
5315,5.991259e-09
5316,1.0
5317,0.98790354
5318,8.492085e-09
5319,0.99649906
5320,0.9884892
5321,0.10602108
5322,2.5709101e-05
5323,8.4051766e-10
5324,8.293714e-05
5325,0.44131503
5326,0.9999709
5327,0.05948412
5328,0.9999995
5329,0.99997437
5330,0.35707188
5331,0.59232765
5332,4.9740003e-05
5333,1.0
5334,0.00043433
5335,0.45196754
5336,0.98668796
5337,0.9999939
5338,0.30386707
5339,0.9935247
5340,5.5933684e-09
5341,0.999003
5342,0.99998045
5343,0.0832743
5344,0.17435811
5345,1.5250088e-06
5346,0.682564
5347,0.999778
5348,1.3099043e-06
5349,2.0478233e-06
5350,6.489141e-08
5351,0.86835754
5352,0.04176197
5353,0.99999905
5354,0.99004036
5355,0.9999398
5356,0.47487447
5357,0.67252254
5358,0.7557071
5359,1.9071462e-07
5360,1.1403342e-05
5361,0.9999815
5362,0.00452407
5363,0.03634469
5364,0.999998
5365,0.63694805
5366,0.00536972
5367,2.4648223e-09
5368,0.98041934
5369,0.72001976
5370,3.8469343e-06
5371,6.3202497e-06
5372,0.13080023
5373,0.0005712
5374,0.9998679
5375,0.00108963
5376,0.08051457
5377,0.00706815
5378,0.4175363
5379,0.98654467
5380,0.999859
5381,7.154123e-06
5382,0.9788286
5383,1.0
5384,0.9830441
5385,0.19252001
5386,1.0
5387,0.05697459
5388,6.9444446e-16
5389,0.00175814
5390,0.00109882
5391,0.00044557
5392,0.9144084
5393,9.899601e-10
5394,0.76585025
5395,0.07486454
5396,0.9628132
5397,0.99340993
5398,3.6027923e-05
5399,1.16039836e-08
5400,0.99976236
5401,0.0004119
5402,0.9937257
5403,0.8529943
5404,1.0
5405,3.4500451e-06
5406,0.02076971
5407,0.01305302
5408,0.99584526
5409,0.99997175
5410,0.00539448
5411,0.00275518
5412,0.99684167
5413,0.97559834
5414,0.68854326
5415,4.1260552e-08
5416,1.9376e-06
5417,1.0
5418,0.9999616
5419,0.00329765
5420,3.4529943e-09
5421,0.9999999
5422,0.9999151
5423,0.18868679
5424,5.6550316e-06
5425,1.9264344e-10
5426,9.854104e-14
5427,0.6545775
5428,0.0001592
5429,0.0052361
5430,0.00049628
5431,0.25112578
5432,0.9447037
5433,9.973011e-12
5434,0.68331385
5435,0.9999391
5436,0.5849301
5437,0.814031
5438,0.9968837
5439,0.99999917
5440,0.00010932
5441,0.00721164
5442,0.8697175
5443,0.3556141
5444,0.9932579
5445,0.01693247
5446,3.5810826e-05
5447,0.99988925
5448,0.12638423
5449,0.8127174
5450,0.9999999
5451,0.923357
5452,0.9429125
5453,0.01099387
5454,2.5648123e-05
5455,0.9980958
5456,0.00054047
5457,1.8990556e-09
5458,0.6028826
5459,0.9847311
5460,0.8382889
5461,0.99994195
5462,1.4218413e-09
5463,0.999998
5464,0.9836844
5465,0.9829422
5466,0.999972
5467,0.9997539
5468,0.0001287
5469,0.9999987
5470,0.49419102
5471,0.9460381
5472,0.7546489
5473,0.00203549
5474,0.25188366
5475,0.9999052
5476,0.10432524
5477,0.9999993
5478,0.00324578
5479,2.2956387e-05
5480,9.9453146e-08
5481,6.3568337e-09
5482,5.66001e-10
5483,1.0
5484,2.2859654e-06
5485,0.9982474
5486,5.0229847e-09
5487,0.14894183
5488,0.9910137
5489,0.580893
5490,0.17244746
5491,0.91063344
5492,0.9999199
5493,0.00369681
5494,5.441209e-06
5495,0.00012249
5496,0.03435413
5497,3.663098e-05
5498,0.00011574
5499,0.6988779
5500,0.27230048
5501,0.01138123
5502,0.88378966
5503,0.9999989
5504,0.33596292
5505,0.00050011
5506,0.1483146
5507,0.72207856
5508,0.99998784
5509,0.99996626
5510,0.9528458
5511,0.21177535
5512,1.04082775e-11
5513,0.99433535
5514,4.96613e-10
5515,0.00142334
5516,0.01908712
5517,0.99999607
5518,7.0889103e-09
5519,1.8144146e-10
5520,0.99216014
5521,0.9999782
5522,0.9648555
5523,0.9616772
5524,0.9972548
5525,0.23083189
5526,0.00157333
5527,1.0
5528,0.6264456
5529,0.04203337
5530,0.29701117
5531,0.25227937
5532,0.99947184
5533,0.9994929
5534,0.13589664
5535,0.00015922
5536,0.9921068
5537,0.99999964
5538,0.00540261
5539,0.04318971
5540,0.9999629
5541,0.99926823
5542,5.1164912e-05
5543,4.377304e-06
5544,0.99009
5545,0.00019428
5546,0.91915005
5547,0.00500801
5548,4.4849654e-05
5549,0.9996201
5550,0.00077942
5551,0.99991965
5552,3.893367e-05
5553,0.01789667
5554,0.60831213
5555,0.9983192
5556,1.24425155e-08
5557,1.0
5558,0.9999893
5559,3.2643632e-09
5560,0.99766636
5561,0.02996726
5562,5.0553345e-10
5563,1.0
5564,0.9962586
5565,0.99872977
5566,0.00071944
5567,0.01068106
5568,1.0
5569,1.0
5570,0.42156017
5571,0.21661074
5572,0.9802224
5573,0.00011417
5574,3.7125264e-05
5575,0.999724
5576,0.01877167
5577,3.0765885e-05
5578,0.0047283
5579,0.04040737
5580,1.0
5581,1.9942703e-09
5582,0.9999838
5583,0.59466773
5584,5.100901e-08
5585,0.99907035
5586,0.99680424
5587,0.9997967
5588,6.6262044e-05
5589,1.5453745e-08
5590,0.00046213
5591,0.7073109
5592,0.59734255
5593,5.4163913e-05
5594,0.9990233
5595,0.00607258
5596,0.0042736
5597,0.99987805
5598,1.0
5599,4.856992e-06
5600,0.9667632
5601,0.99578613
5602,0.9927367
5603,4.1955226e-07
5604,1.0
5605,0.7525722
5606,0.28820336
5607,0.99999976
5608,0.00642478
5609,0.02218047
5610,0.9928664
5611,0.9994593
5612,4.0767804e-07
5613,0.00015112
5614,0.99999905
5615,0.9863143
5616,0.00040182
5617,5.8404385e-05
5618,0.9975884
5619,0.9999851
5620,0.3462528
5621,0.00078735
5622,0.9628756
5623,0.33915603
5624,0.0262883
5625,0.00019521
5626,0.93691236
5627,0.0061298
5628,1.1289069e-08
5629,1.0
5630,0.4508831
5631,0.9999056
5632,0.999587
5633,0.7281004
5634,0.00675992
5635,2.0570622e-05
5636,1.0377811e-05
5637,0.00823226
5638,6.725353e-07
5639,0.89177936
5640,0.9821529
5641,0.97499293
5642,0.08258028
5643,1.0588127e-11
5644,0.9929523
5645,0.9478544
5646,0.99998486
5647,0.2226715
5648,9.874097e-05
5649,0.99999774
5650,6.813837e-14
5651,0.16790523
5652,0.13718583
5653,1.0
5654,0.9997882
5655,0.301355
5656,0.5427544
5657,0.9999999
5658,0.9999757
5659,0.99999714
5660,0.20357086
5661,0.00010196
5662,0.99999726
5663,0.1264171
5664,0.0116181
5665,0.80390584
5666,0.00190462
5667,0.00148304
5668,0.6797741
5669,1.0664374e-05
5670,0.9769836
5671,5.028691e-07
5672,8.495868e-05
5673,0.9636439
5674,0.06128653
5675,0.9390743
5676,0.99999964
5677,0.00174551
5678,1.0
5679,1.3867775e-07
5680,0.9999994
5681,0.999951
5682,0.10264912
5683,0.9990602
5684,0.9995672
5685,0.00121139
5686,3.0301428e-05
5687,0.00861232
5688,0.9998318
5689,2.2614245e-10
5690,0.00194968
5691,0.11214794
5692,0.9999957
5693,3.5836931e-06
5694,0.00031831
5695,0.60858274
5696,2.0306232e-09
5697,5.330209e-06
5698,1.0
5699,0.92570305
5700,0.99986506
5701,0.8110317
5702,0.981564
5703,0.9703342
5704,0.84606904
5705,0.9658749
5706,0.29343966
5707,1.5020564e-12
5708,0.9767022
5709,0.93611354
5710,1.2217207e-07
5711,0.001933
5712,0.9999982
5713,0.00595466
5714,0.46036342
5715,0.79374725
5716,0.9958658
5717,0.3318692
5718,3.498602e-06
5719,0.00092569
5720,0.9999949
5721,2.367138e-10
5722,1.12358275e-10
5723,3.2035763e-09
5724,0.89503616
5725,0.9993968
5726,2.9799077e-05
5727,0.00030393
5728,0.0001434
5729,0.2393773
5730,0.9419013
5731,0.996241
5732,0.97850215
5733,0.00105543
5734,0.03002
5735,0.9999274
5736,0.467429
5737,6.485368e-08
5738,0.99999857
5739,0.9988493
5740,0.9999732
5741,2.0685538e-09
5742,5.1972233e-08
5743,0.9961052
5744,0.9395957
5745,0.18824472
5746,0.01015372
5747,1.0
5748,0.99847335
5749,0.999985
5750,0.46417367
5751,0.53099906
5752,1.1424068e-14
5753,0.00083639
5754,0.00024861
5755,0.21171524
5756,0.9992588
5757,0.03927688
5758,2.5283534e-05
5759,7.947757e-06
5760,0.31929696
5761,0.9978567
5762,1.0348294e-08
5763,0.999997
5764,0.9883648
5765,0.00260698
5766,0.9995752
5767,1.0
5768,0.01571748
5769,0.55425495
5770,0.9994092
5771,7.760309e-07
5772,0.9999993
5773,0.99738806
5774,7.930235e-05
5775,0.96087193
5776,0.00069621
5777,0.48657826
5778,5.5211405e-07
5779,0.9964026
5780,0.9882356
5781,0.00011141
5782,0.51429343
5783,0.00028679
5784,0.6666468
5785,1.8518032e-14
5786,0.00856185
5787,0.98461586
5788,0.00134707
5789,0.99750227
5790,0.96697116
5791,0.00027842
5792,0.19284427
5793,0.92209864
5794,0.999992
5795,0.9999708
5796,0.69080627
5797,0.0001443
5798,9.366005e-07
5799,0.01431373
5800,0.9972772
5801,0.99990153
5802,0.9582035
5803,0.9980679
5804,0.20624249
5805,0.00015103
5806,0.99957055
5807,0.01461281
5808,9.6670614e-05
5809,0.8408032
5810,0.0404947
5811,0.00123515
5812,3.1701233e-15
5813,0.9971535
5814,0.9927291
5815,0.95182
5816,0.06294341
5817,0.08904428
5818,0.00211422
5819,0.11782007
5820,0.01671932
5821,0.62727183
5822,0.99999976
5823,0.9999813
5824,0.00011736
5825,0.9927989
5826,0.00050577
5827,9.6154115e-05
5828,0.20447548
5829,0.7703477
5830,0.9984074
5831,0.9898671
5832,7.119336e-11
5833,0.05660619
5834,0.99028873
5835,0.99987507
5836,0.989179
5837,0.00466385
5838,0.07598192
5839,0.11046778
5840,0.16784409
5841,0.49947566
5842,0.19087182
5843,0.03685213
5844,0.91975176
5845,0.93890804
5846,6.5176955e-08
5847,0.9974408
5848,3.7524592e-06
5849,0.39148414
5850,0.9999682
5851,4.6117044e-10
5852,0.9999999
5853,1.0
5854,0.8653763
5855,0.24677904
5856,0.9995603
5857,0.37745693
5858,0.08556771
5859,0.0015267
5860,0.00051838
5861,0.9945088
5862,0.12891468
5863,2.7400447e-05
5864,2.5175943e-06
5865,0.00191991
5866,1.0
5867,0.02672021
5868,0.9310308
5869,0.80323786
5870,1.0
5871,0.14491992
5872,0.7480228
5873,0.00012522
5874,0.99570787
5875,7.271043e-08
5876,0.9994709
5877,0.99990714
5878,0.9999472
5879,0.9998708
5880,0.9999999
5881,0.69506776
5882,0.99419045
5883,0.03690697
5884,2.1004933e-15
5885,0.51729053
5886,0.9999765
5887,0.9999994
5888,0.17953874
5889,0.8511179
5890,1.1566186e-10
5891,1.0
5892,0.5092552
5893,0.9998171
5894,0.9450073
5895,0.09458939
5896,0.65936255
5897,0.91839945
5898,0.00811789
5899,6.5566574e-09
5900,0.48875102
5901,0.344195
5902,7.5763007e-10
5903,0.99998176
5904,0.01287821
5905,2.791412e-05
5906,0.99999833
5907,0.969222
5908,0.14730145
5909,0.70972824
5910,0.00020802
5911,0.35418734
5912,0.0002189
5913,0.02116558
5914,0.00019279
5915,5.4903823e-05
5916,0.17853227
5917,0.9299981
5918,0.99999976
5919,0.00155221
5920,0.00020344
5921,0.947829
5922,0.7504115
5923,0.9889931
5924,1.0462611e-06
5925,4.2510386e-05
5926,0.99999595
5927,1.3148903e-13
5928,0.02526955
5929,0.8023077
5930,3.2592372e-06
5931,1.2056064e-05
5932,0.99999344
5933,1.9542015e-06
5934,0.99961084
5935,0.9999999
5936,0.7071374
5937,0.01558385
5938,0.9950736
5939,0.47709703
5940,0.9999988
5941,2.3682214e-05
5942,0.997283
5943,2.1950561e-06
5944,1.0
5945,0.002685
5946,7.9399055e-05
5947,1.6318148e-06
5948,0.5762131
5949,1.1399424e-11
5950,8.780595e-08
5951,5.6336256e-09
5952,0.80111253
5953,0.758052
5954,0.9559454
5955,0.000161
5956,0.66166484
5957,6.596084e-08
5958,0.9993319
5959,0.03077431
5960,3.848767e-09
5961,0.9798772
5962,0.99713874
5963,0.6218882
5964,0.11334728
5965,0.9965693
5966,0.01143976
5967,0.03440146
5968,0.12340184
5969,0.908029
5970,0.99908495
5971,0.9999429
5972,0.2699764
5973,0.3518245
5974,0.99599236
5975,1.0
5976,0.99827886
5977,0.00358836
5978,0.40354493
5979,0.2906601
5980,0.00430579
5981,0.9983182
5982,0.8257884
5983,3.932558e-06
5984,0.00340242
5985,0.9999851
5986,0.02028243
5987,0.99244654
5988,0.9998976
5989,0.9997712
5990,0.99966896
5991,0.02386122
5992,1.0
5993,1.0297671e-05
5994,1.0
5995,0.99987614
5996,0.41626096
5997,0.97798675
5998,0.00010127
5999,6.76517e-05
6000,0.77565515
6001,7.035846e-07
6002,0.5356346
6003,0.9784373
6004,0.00363491
6005,6.8326626e-06
6006,0.8624884
6007,0.8376728
6008,3.3940623e-10
6009,0.99988735
6010,0.02842543
6011,1.7622851e-07
6012,0.23248306
6013,0.00015791
6014,0.64556086
6015,0.00148305
6016,7.83305e-06
6017,1.0
6018,0.9912477
6019,0.52496755
6020,0.99999976
6021,1.3128323e-05
6022,2.1188585e-05
6023,0.02004464
6024,0.48351154
6025,2.04302e-09
6026,0.17426012
6027,0.9996216
6028,0.21821062
6029,0.9989712
6030,0.04983593
6031,0.02875334
6032,0.58971876
6033,0.00066204
6034,0.86802477
6035,0.99907684
6036,0.00276948
6037,0.11682107
6038,6.078168e-10
6039,0.7663375
6040,0.999881
6041,0.00010598
6042,0.00357094
6043,0.999701
6044,0.9993286
6045,5.795687e-12
6046,0.99987555
6047,0.00976412
6048,0.77342767
6049,0.9999796
6050,2.0972113e-05
6051,0.07996278
6052,0.00369413
6053,0.07031707
6054,0.99190325
6055,0.0063326
6056,0.98979914
6057,0.90448666
6058,1.8023549e-06
6059,0.00262399
6060,2.2150705e-07
6061,0.26334396
6062,3.6173822e-09
6063,0.05975168
6064,0.46608773
6065,2.1767879e-09
6066,1.2875541e-08
6067,0.99901783
6068,1.3045458e-07
6069,6.889562e-08
6070,0.94145525
6071,0.9690186
6072,0.9981791
6073,0.98000926
6074,0.99999964
6075,0.99783957
6076,0.00664401
6077,0.99984777
6078,1.0096254e-06
6079,1.0
6080,2.8120676e-08
6081,0.1752457
6082,0.8662119
6083,1.0
6084,0.8162507
6085,9.359083e-05
6086,0.0314995
6087,0.01908406
6088,0.9961235
6089,0.19835553
6090,0.9999975
6091,0.9994635
6092,0.17179291
6093,0.0968032
6094,0.9999671
6095,5.102458e-05
6096,7.5277916e-05
6097,0.00719234
6098,0.1341368
6099,0.0026762
6100,2.7466308e-06
6101,0.00042529
6102,0.99955755
6103,0.00137523
6104,0.822289
6105,0.98758334
6106,0.00014096
6107,2.6676245e-10
6108,0.94995445
6109,0.00803547
6110,0.03161592
6111,0.98555225
6112,0.99996233
6113,0.99965084
6114,0.00014685
6115,8.8447275e-14
6116,1.1888672e-10
6117,3.7767425e-10
6118,0.9022959
6119,0.9997162
6120,0.04325932
6121,0.79077214
6122,0.99990857
6123,0.4751704
6124,0.02825345
6125,4.6104884e-11
6126,0.57956946
6127,0.96466833
6128,0.90823174
6129,0.99999976
6130,0.9997762
6131,0.9999999
6132,1.0060519e-05
6133,9.069076e-05
6134,0.9999918
6135,9.763452e-06
6136,0.00739178
6137,2.3016649e-09
6138,9.236448e-05
6139,0.00075368
6140,0.00020708
6141,0.01258951
6142,0.99904567
6143,0.00570375
6144,0.00012779
6145,2.4453752e-13
6146,0.00200529
6147,0.6297079
6148,0.99989283
6149,0.13498612
6150,1.9790312e-08
6151,0.90967256
6152,0.0548123
6153,0.00080088
6154,0.99977964
6155,0.989512
6156,0.01121214
6157,0.7581886
6158,2.580104e-12
6159,0.9875694
6160,0.99999404
6161,0.9794226
6162,6.195736e-09
6163,0.22408085
6164,0.13001083
6165,0.01003286
6166,0.99953413
6167,1.13212245e-07
6168,0.04541404
6169,0.40444025
6170,0.04865404
6171,1.834216e-11
6172,0.3052964
6173,0.00024098
6174,6.157662e-08
6175,3.0944554e-07
6176,0.9926685
6177,0.6832773
6178,2.3011246e-09
6179,2.2048441e-08
6180,2.5686156e-06
6181,0.3121641
6182,0.00580648
6183,0.9934029
6184,0.92312527
6185,0.00056613
6186,0.9999895
6187,9.95728e-18
6188,1.0
6189,0.6704701
6190,3.6322908e-07
6191,0.17641349
6192,0.9998642
6193,0.9998728
6194,0.00939883
6195,2.9103111e-08
6196,1.0
6197,0.98204845
6198,0.00128403
6199,1.0583906e-05
6200,0.43495092
6201,0.9999999
6202,3.522747e-06
6203,0.9998884
6204,0.9999937
6205,3.9203638e-05
6206,1.0
6207,5.299072e-05
6208,0.500325
6209,0.03961578
6210,0.9999957
6211,1.3786144e-08
6212,0.99999976
6213,2.004594e-05
6214,1.0
6215,0.9723612
6216,0.9680322
6217,3.4997531e-06
6218,0.4083521
6219,1.3740882e-06
6220,0.99999917
6221,0.9998294
6222,0.99878424
6223,0.9999721
6224,0.05835931
6225,0.99999976
6226,8.519272e-06
6227,1.0
6228,0.78323525
6229,0.63839936
6230,0.99990916
6231,0.29873365
6232,8.024411e-09
6233,0.7640949
6234,0.21172224
6235,0.95956045
6236,0.00145771
6237,0.9742862
6238,0.7514239
6239,0.93251723
6240,0.99132466
6241,0.32036477
6242,0.8929252
6243,0.9999968
6244,0.99367094
6245,0.00271792
6246,0.9999987
6247,0.6520035
6248,0.9949438
6249,0.9999962
6250,0.35542038
